113,20220901,37.56,126.97,1,0,1,0,0,0
W_L029,20220901,37.57,126.832,1,0,0,1,0,0
150,20220901,37.56,126.97,1,1,0,0,0,0
IMG_1137,20220901,37.5283,126.932,1,1,0,0,0,0
65,20220901,37.56,126.97,1,1,0,0,0,0
sample103,20220901,37.6766,126.816,1,1,0,0,0,0
60,20220901,37.56,126.97,1,1,0,0,0,0
52,20220901,37.44,126.43,2,0,1,0,0,1
sample100,20220901,37.6766,126.816,1,1,0,0,0,0
44,20220901,37.44,126.43,1,1,0,0,0,0
W_L015,20220901,37.57,126.832,1,1,0,0,0,0
137,20220901,37.56,126.97,1,1,0,0,0,0
IMG_1060,20220901,37.5283,126.932,2,1,1,0,0,0
18,20220901,37.5791,126.89,1,1,0,0,0,0
W_L009,20220901,37.57,126.832,1,1,0,0,0,0
64,20220901,37.5731,126.9,1,0,1,0,0,0
W_M021,20220901,37.586,126.818,1,0,1,0,0,0
Rubbish08,20220901,37.59,126.75,1,1,0,0,0,0
142,20220901,37.56,126.97,1,1,0,0,0,0
W_L004,20220901,37.57,126.832,1,1,0,0,0,0
IMG_1081,20220901,37.5283,126.932,1,0,1,0,0,0
1665847582689-4.jpg,20220901,37.7089,126.608,1,1,0,0,0,0
14,20220901,37.43,126.42,1,1,0,0,0,0
pabag9,20220901,35.2267,128.639,1,0,0,0,0,1
20211408_020,20220901,37.5229,126.941,1,1,0,0,0,0
sample59,20220901,37.6314,126.929,1,0,0,0,0,1
cup4,20220901,35.2266,128.639,1,0,0,0,0,1
37,20220901,37.56,126.97,1,1,0,0,0,0
sample69,20220901,37.6314,126.929,1,0,0,0,0,1
IMG_3043,20220901,37.493,126.87,1,0,1,0,0,0
IMG_130,20220901,37.53,126.88,1,0,1,0,0,0
20211408_053,20220901,37.5232,126.941,1,1,0,0,0,0
IMG_3077,20220901,37.5031,126.871,1,0,1,0,0,0
20211408_047,20220901,37.523,126.941,2,1,0,0,0,1
IMG_3103,20220901,37.601,126.801,1,0,1,0,0,0
18,20220901,37.56,126.97,1,1,0,0,0,0
IMG_3175,20220901,37.5801,126.832,1,0,0,1,0,0
IMG_3182,20220901,37.5815,126.833,1,0,0,1,0,0
sample93,20220901,37.68,126.8,2,1,0,0,0,1
plcup2,20220901,35.227,128.639,1,0,1,0,0,0
sample03,20220901,37.6316,126.928,1,1,0,0,0,0
9,20220901,37.43,126.42,1,1,0,0,0,0
IMAGE 68,20220901,37.5711,126.979,1,1,0,0,0,0
sample31,20220901,37.6335,126.923,1,0,0,0,0,1
20221011_130031(0).jpg,20220901,37.55,126.9,1,1,0,0,0,0
20221011_130110(0).jpg,20220901,37.55,126.9,1,1,0,0,0,0
H18,20220901,37.5308,126.933,2,1,1,0,0,0
H16,20220901,37.5308,126.931,1,1,0,0,0,0
20221011_130235.jpg,20220901,37.55,126.9,1,1,0,0,0,0
sample42,20220901,37.6335,126.923,1,0,0,0,0,1
SP80,20220901,36.59,128.648,2,1,1,0,0,0
SP77,20220901,36.59,128.648,2,1,1,0,0,0
20221011_130456(0).jpg,20220901,37.55,126.9,2,1,1,0,0,0
SP67,20220901,36.59,128.648,3,1,1,1,0,0
SP45,20220901,35.89,128.607,3,1,1,0,0,1
sample (7),20220901,37.396,126.934,1,0,1,0,0,0
sample53,20220901,36.97,127.94,1,0,1,0,0,0
sample (57),20220901,35.8524,129.27,1,0,1,0,0,0
IMG_0002,20220901,37.31,126.55,1,0,0,0,0,1
220913-9-한울빛-플라스틱.jpg,20220901,37.47,126.8,1,0,1,0,0,0
sample025_ms,20220901,37.4903,126.896,1,0,1,0,0,0
sample (94),20220901,37.3861,126.952,1,1,0,0,0,0
IMG_0129,20220901,37.28,126.55,1,0,1,0,0,0
sample89,20220901,36.97,127.93,1,1,0,0,0,0
IMG_9991,20220901,37.31,126.55,1,1,0,0,0,0
IMG_0162,20220901,37.28,126.55,1,1,0,0,0,0
Anyang_3a,20220901,37.51,126.87,1,0,1,0,0,0
sample81,20220901,36.98,127.93,1,0,1,0,0,0
121,20220901,37.56,126.97,1,1,0,0,0,0
sample086_ms,20220901,37.4687,126.844,1,0,1,0,0,0
117,20220901,37.56,126.97,1,1,0,0,0,0
sample96,20220902,36.98,127.93,1,0,0,1,0,0
95,20220902,37.43,126.43,1,0,0,1,0,0
SP81,20220902,36.59,128.648,2,0,1,1,0,0
IMG_0042,20220902,37.31,126.54,1,1,0,0,0,0
20221009_101425.heic,20220902,37.6638,126.623,2,1,1,0,0,0
20221009_104937.heic,20220902,37.6385,126.542,1,1,0,0,0,0
SP87,20220902,36.59,128.648,2,0,1,1,0,0
sample07,20220902,37.68,126.8,1,1,0,0,0,0
sample47,20220902,37.6334,126.923,1,0,0,0,0,1
34,20220902,37.56,126.97,1,1,0,0,0,0
SP64,20220902,36.662,129.12,1,1,0,0,0,0
Dorim_8a,20220902,37.51,126.88,2,1,1,0,0,0
H07,20220902,37.5297,126.933,1,1,0,0,0,0
H58,20220902,37.5177,126.934,1,0,1,0,0,0
20211408_021,20220902,37.5229,126.941,1,0,1,0,0,0
HJ3,20220902,37.5736,126.924,1,1,0,0,0,0
sample (26),20220902,37.3967,126.933,1,0,0,1,0,0
H59,20220902,37.5293,126.933,1,1,0,0,0,0
20221011_130233.jpg,20220902,37.55,126.9,1,1,0,0,0,0
canbot11,20220902,35.2264,128.638,1,0,0,1,0,0
plcup3,20220902,35.227,128.639,1,0,1,0,0,0
20221011_130156.jpg,20220902,37.55,126.9,1,0,1,0,0,0
1665899057085.jpg,20220902,37.6307,126.711,2,1,1,0,0,0
sample (29),20220902,37.3966,126.933,1,0,0,1,0,0
sample23,20220902,37.68,126.8,1,0,0,0,1,0
Dorim_2c,20220902,37.51,126.88,1,0,1,0,0,0
sample053,20220902,37.6766,126.816,1,0,1,0,0,0
Anyang_1a,20220902,37.52,126.88,1,0,1,0,0,0
IMG_0009,20220902,37.31,126.55,2,1,0,0,0,1
24,20220902,37.5519,126.899,1,1,0,0,0,0
81,20220902,37.56,126.97,1,1,0,0,0,0
IMG_083,20220902,37.53,126.88,3,1,1,1,0,0
IMG_1080,20220902,37.5283,126.932,1,0,1,0,0,0
55,20220902,37.5724,126.868,1,0,1,0,0,0
IMG_1083,20220902,37.5283,126.932,1,0,1,0,0,0
9,20220902,37.56,126.97,1,1,0,0,0,0
sample034_ms,20220902,37.4678,126.827,1,0,1,0,0,0
sample51,20220902,36.97,127.94,1,0,1,0,0,0
73,20220902,37.5724,126.868,1,0,0,0,0,1
Rubbish15,20220902,37.59,126.75,1,1,0,0,0,0
sample062_ms,20220902,37.4824,126.82,1,0,1,0,0,0
IMG_073,20220902,37.53,126.88,1,0,1,0,0,0
sample068_ms,20220902,37.4813,126.82,1,0,0,1,0,0
220913-7-한울빛-플라스틱.jpg,20220902,37.47,126.8,1,0,1,0,0,0
22,20220902,37.56,126.97,1,1,0,0,0,0
IMG_1094,20220902,37.5283,126.932,1,1,0,0,0,0
IMG_3165,20220902,37.583,126.832,1,0,0,0,1,0
Paper60,20220902,37.52,126.93,1,0,0,0,0,1
sample076_ms,20220902,37.4797,126.821,1,1,0,0,0,0
101,20220902,37.56,126.97,1,0,1,0,0,0
99,20220902,37.5724,126.868,1,0,0,0,0,1
sample (88),20220902,37.3861,126.952,1,0,0,0,1,0
W_L037,20220902,37.57,126.832,1,0,0,0,1,0
W_L041,20220902,37.57,126.832,1,0,0,0,1,0
sample007_ms,20220902,37.4893,126.897,1,1,0,0,0,0
sample76,20220902,37.68,126.8,2,1,1,0,0,0
IMG_9981,20220902,37.31,126.55,1,1,0,0,0,0
IMG_9985,20220902,37.31,126.55,1,1,0,0,0,0
IMG_1125,20220902,37.5283,126.932,1,0,1,0,0,0
sample63,20220902,37.68,126.8,2,1,1,0,0,0
W_L055,20220902,37.57,126.832,1,0,0,0,0,1
Glass78,20220902,37.59,126.75,1,0,0,0,1,0
W_M008,20220902,37.586,126.818,1,0,1,0,0,0
W_M025,20220902,37.586,126.818,1,0,1,0,0,0
IMG_142,20220902,37.53,126.88,1,1,0,0,0,0
sample013_ms,20220902,37.4848,126.904,1,0,1,0,0,0
sample59,20220902,36.97,127.94,1,0,1,0,0,0
sample96,20220902,37.68,126.8,1,0,1,0,0,0
IMG_090,20220903,37.53,126.88,2,0,1,1,0,0
cofho2,20220903,35.2277,128.64,2,0,1,1,0,0
cup8,20220903,35.2266,128.639,1,0,0,0,0,1
IMG_3141,20220903,37.5869,126.826,1,0,1,0,0,0
sample58,20220903,36.97,127.94,1,0,1,0,0,0
IMG_3144,20220903,37.5868,126.826,1,0,0,0,1,0
plcup4,20220903,35.227,128.639,1,0,1,0,0,0
IMG_3180,20220903,37.5801,126.832,1,0,0,1,0,0
cofbagcan1,20220903,35.2274,128.639,2,0,1,1,0,0
20211408_039,20220903,37.5229,126.941,1,0,1,0,0,0
sample100,20220903,37.6314,126.929,1,1,0,0,0,0
IMG_3145,20220903,37.5868,126.826,1,0,0,0,1,0
canbot7,20220903,35.2264,128.638,1,0,0,1,0,0
Dorim_3a,20220903,37.51,126.88,1,1,0,0,0,0
sample85,20220903,37.6315,126.929,1,0,0,0,1,0
sample94,20220903,37.68,126.8,2,1,0,0,0,1
sample86,20220903,37.6315,126.929,1,0,0,0,1,0
sample59,20220903,37.68,126.8,2,1,1,0,0,0
220913-12-한울빛-일반.jpg,20220903,37.47,126.8,1,1,0,0,0,0
Dorim_3b,20220903,37.51,126.88,1,1,0,0,0,0
sample032_ms,20220903,37.4662,126.831,1,1,0,0,0,0
93,20220903,37.5782,126.889,1,0,1,0,0,0
W_M026,20220903,37.586,126.818,1,0,0,1,0,0
sample022_ms,20220903,37.4884,126.897,1,1,0,0,0,0
W_M045,20220903,37.586,126.818,1,0,0,0,0,1
W_L005,20220903,37.57,126.832,1,1,0,0,0,0
W_L014,20220903,37.57,126.832,1,1,0,0,0,0
IMG_1120,20220903,37.5283,126.932,1,1,0,0,0,0
Rubbish13,20220903,37.59,126.75,1,1,0,0,0,0
W_L034,20220903,37.57,126.832,1,0,0,1,0,0
W_L043,20220903,37.57,126.832,1,0,0,0,1,0
74,20220903,37.5724,126.868,1,0,1,0,0,0
68,20220903,37.5724,126.868,2,0,1,0,1,0
Plastic38,20220903,37.59,126.75,1,0,1,0,0,0
Paper57,20220903,37.52,126.93,1,0,0,0,0,1
IMG_1057,20220903,37.5283,126.932,1,1,0,0,0,0
sample069_ms,20220903,37.481,126.82,1,0,0,0,0,1
51,20220903,37.5724,126.868,1,0,0,0,0,1
62,20220903,37.5732,126.887,1,0,1,0,0,0
IMG_0152,20220903,37.28,126.55,1,0,1,0,0,0
20221011_125448.jpg,20220903,37.55,126.9,1,0,0,1,0,0
B08,20220903,37.5775,126.904,1,0,1,0,0,0
H65,20220903,37.5297,126.928,2,1,1,0,0,0
20221011_130234(0).jpg,20220903,37.55,126.9,1,1,0,0,0,0
Dorim_23b,20220903,37.51,126.88,1,0,1,0,0,0
Dorim_4b,20220903,37.51,126.88,1,0,0,1,0,0
20221011_130501.jpg,20220903,37.55,126.9,2,1,1,0,0,0
20221011_130503.jpg,20220903,37.55,126.9,2,1,1,0,0,0
20221011_130112(0).jpg,20220903,37.55,126.9,1,1,0,0,0,0
98,20220903,37.43,126.43,1,0,0,0,1,0
20221009_101524.heic,20220903,37.6638,126.623,1,1,0,0,0,0
20221009_114049.heic,20220903,37.6357,126.532,4,1,1,1,0,1
38,20220903,37.44,126.43,1,0,1,0,0,0
IMG_0030,20220903,37.32,126.54,1,1,0,0,0,0
IMG_1124,20220903,37.5283,126.932,1,0,1,0,0,0
sample41,20220903,36.99,127.95,1,0,1,0,0,0
85,20220903,37.56,126.97,1,1,0,0,0,0
128,20220903,37.56,126.97,1,0,1,0,0,0
24,20220903,37.56,126.97,1,1,0,0,0,0
73,20220903,37.56,126.97,1,0,0,0,0,1
83,20220903,37.56,126.97,1,1,0,0,0,0
sample (35),20220903,37.397,126.932,1,1,0,0,0,0
95,20220903,37.56,126.97,1,0,1,0,0,0
41,20220903,37.56,126.97,1,1,0,0,0,0
20211408_007,20220903,37.5228,126.941,1,0,1,0,0,0
sample (36),20220903,37.397,126.932,1,1,0,0,0,0
79,20220903,37.56,126.97,1,1,0,0,0,0
94,20220903,37.56,126.97,1,0,1,0,0,0
sample67,20220904,37.68,126.8,2,1,1,0,0,0
sample50,20220904,37.68,126.8,2,1,1,0,0,0
20221011_130108(0).jpg,20220904,37.55,126.9,1,1,0,0,0,0
H62,20220904,37.53,126.932,1,1,0,0,0,0
20221011_125732.jpg,20220904,37.55,126.9,1,1,0,0,0,0
20221011_125752.jpg,20220904,37.55,126.9,1,1,0,0,0,0
sample29,20220904,37.6333,126.923,1,1,0,0,0,0
sample20,20220904,37.6327,126.924,1,1,0,0,0,0
11,20220904,37.5627,126.9,1,0,1,0,0,0
10,20220904,37.5613,126.886,2,1,1,0,0,0
sample13,20220904,37.6326,126.927,1,1,0,0,0,0
sample14,20220904,37.6326,126.927,1,1,0,0,0,0
20221011_125721.jpg,20220904,37.55,126.9,1,1,0,0,0,0
sample91,20220904,37.68,126.8,1,0,0,0,0,1
H21,20220904,37.5308,126.93,2,1,1,0,0,0
IMAGE 01,20220904,37.5712,126.979,1,0,1,0,0,0
20221011_130155.jpg,20220904,37.55,126.9,1,0,1,0,0,0
20221011_130343.jpg,20220904,37.55,126.9,1,1,0,0,0,0
IMG_0183,20220904,37.29,126.55,1,1,0,0,0,0
ho2,20220904,35.2264,128.638,1,0,0,1,0,0
picture(62),20220904,37.569,126.998,1,0,1,0,0,0
IMG_0006,20220904,37.31,126.55,1,1,0,0,0,0
sample (42),20220904,37.3972,126.932,1,1,0,0,0,0
H04,20220904,37.5294,126.933,1,1,0,0,0,0
Dorim_23a,20220904,37.51,126.88,1,0,1,0,0,0
20221011_130344.jpg,20220904,37.55,126.9,1,1,0,0,0,0
SP82,20220904,36.59,128.648,2,0,1,1,0,0
SP74,20220904,36.59,128.648,2,1,0,0,0,1
sample48,20220904,37.6334,126.923,1,0,0,0,0,1
SP54,20220904,35.235,129.078,3,1,1,1,0,0
20221011_130455.jpg,20220904,37.55,126.9,2,1,1,0,0,0
W_M029,20220904,37.586,126.818,1,0,0,1,0,0
image_58,20220904,37.52,126.93,1,0,1,0,0,0
W_M010,20220904,37.586,126.818,1,0,1,0,0,0
IMG_092,20220904,37.53,126.88,2,0,1,1,0,0
104,20220904,37.43,126.43,1,0,1,0,0,0
W_M009,20220904,37.586,126.818,1,0,1,0,0,0
sample (15),20220904,37.396,126.934,1,1,0,0,0,0
20211408_045,20220904,37.523,126.941,1,1,0,0,0,0
sample071,20220904,37.6766,126.816,1,1,0,0,0,0
86,20220904,37.5724,126.868,1,0,0,0,0,1
sample80,20220904,36.98,127.93,1,0,1,0,0,0
IMG_3189,20220904,37.5803,126.833,1,0,1,0,0,0
W_L042,20220904,37.57,126.832,1,0,0,0,1,0
153,20220904,37.56,126.97,1,1,0,0,0,0
W_L010,20220904,37.57,126.832,1,1,0,0,0,0
sample61,20220904,36.97,127.94,1,0,1,0,0,0
IMG_069,20220904,37.53,126.88,1,0,1,0,0,0
115,20220904,37.56,126.97,1,1,0,0,0,0
20221009_101700.heic,20220904,37.6638,126.623,2,1,0,0,0,1
image_66,20220904,37.52,126.93,1,1,0,0,0,0
IMG_129,20220904,37.53,126.89,1,0,1,0,0,0
21,20220904,37.43,126.42,2,1,0,0,0,1
IMG_3049,20220904,37.4943,126.87,1,0,1,0,0,0
50,20220904,37.5724,126.868,1,0,0,0,1,0
41,20220904,37.44,126.43,1,0,1,0,0,0
118,20220904,37.56,126.97,1,0,1,0,0,0
141,20220904,37.56,126.97,1,1,0,0,0,0
28,20220904,37.5782,126.889,1,0,1,0,0,0
Glass79,20220905,37.59,126.75,1,0,0,0,1,0
IMG_9982,20220905,37.31,126.55,1,1,0,0,0,0
IMG_1126,20220905,37.5283,126.932,1,0,1,0,0,0
sample (90),20220905,37.3861,126.952,1,0,1,0,0,0
sample012_ms,20220905,37.4859,126.9,1,0,0,0,0,1
sample015_ms,20220905,37.4878,126.904,1,0,1,0,0,0
sample028_ms,20220905,37.4655,126.839,1,0,1,0,0,0
sample54,20220905,37.6323,126.924,1,0,1,0,0,0
canbot15,20220905,35.2264,128.638,1,0,0,1,0,0
W_L045,20220905,37.57,126.832,1,0,0,0,1,0
cup12,20220905,35.2266,128.639,1,0,0,0,0,1
W_L017,20220905,37.57,126.832,1,1,0,0,0,0
W_L016,20220905,37.57,126.832,1,1,0,0,0,0
cof3,20220905,35.2263,128.638,1,0,1,0,0,0
Plastic39,20220905,37.59,126.75,1,0,1,0,0,0
H10,20220905,37.53,126.932,2,1,1,0,0,0
220910-4-산새공원.jpg,20220905,37.47,126.79,1,0,1,0,0,0
102,20220905,37.5724,126.868,1,0,1,0,0,0
20221011_125729.jpg,20220905,37.55,126.9,1,1,0,0,0,0
88,20220905,37.5731,126.9,1,0,1,0,0,0
87,20220905,37.43,126.43,1,0,1,0,0,0
20221011_130034.jpg,20220905,37.55,126.9,1,1,0,0,0,0
20221011_130033.jpg,20220905,37.55,126.9,1,1,0,0,0,0
220913-25-한울빛-비닐.jpg,20220905,37.47,126.8,1,0,1,0,0,0
20221009_114207.heic,20220905,37.6357,126.532,3,1,1,0,0,1
20221011_125914(0).jpg,20220905,37.55,126.9,1,1,0,0,0,0
H56,20220905,37.5292,126.934,1,1,0,0,0,0
20221009_104931.heic,20220905,37.6385,126.542,1,0,0,1,0,0
20221011_125742(0).jpg,20220905,37.55,126.9,1,1,0,0,0,0
1665847592113-1.jpg,20220905,37.7089,126.608,1,0,1,0,0,0
sample081,20220905,37.6766,126.816,2,1,0,0,0,1
40,20220905,37.5731,126.9,1,0,0,1,0,0
Rubbish26,20220905,37.59,126.75,1,1,0,0,0,0
W_M042,20220905,37.586,126.818,1,0,0,0,0,1
Rubbish03,20220905,37.59,126.75,1,1,0,0,0,0
Rubbish06,20220905,37.59,126.75,1,1,0,0,0,0
sample075_ms,20220905,37.481,126.82,1,0,1,0,0,0
27,20220905,37.43,126.42,1,0,1,0,0,0
56,20220905,37.5724,126.868,1,0,1,0,0,0
20221011_125452.jpg,20220905,37.55,126.9,1,0,0,1,0,0
Dorim_5b,20220905,37.51,126.88,2,1,1,0,0,0
sample78,20220905,37.68,126.8,3,1,1,0,1,0
8,20220905,37.56,126.97,1,1,0,0,0,0
IMG_3137,20220905,37.5869,126.826,1,0,1,0,0,0
sample82,20220905,37.68,126.8,3,1,1,0,1,0
sample (6),20220905,37.396,126.934,1,0,1,0,0,0
IMG_103,20220905,37.53,126.88,1,0,0,0,0,1
119,20220905,37.56,126.97,2,1,1,0,0,0
sample92,20220905,37.68,126.8,1,0,0,0,0,1
sample45,20220905,37.68,126.8,2,1,1,0,0,0
sample38,20220905,37.68,126.8,1,1,0,0,0,0
sample (38),20220905,37.397,126.932,1,1,0,0,0,0
20211408_028,20220905,37.5229,126.941,1,1,0,0,0,0
IMG_3157,20220905,37.583,126.832,1,0,0,0,1,0
sample43,20220905,37.68,126.8,2,0,1,0,1,0
IMG_121,20220905,37.53,126.88,2,1,1,0,0,0
sample93,20220905,37.6315,126.929,1,1,0,0,0,0
13,20220905,37.56,126.97,1,1,0,0,0,0
sample94,20220905,37.6315,126.929,1,1,0,0,0,0
IMG_3080,20220905,37.5042,126.872,1,0,1,0,0,0
IMG_3040,20220905,37.493,126.87,1,0,1,0,0,0
sample (56),20220905,35.8526,129.268,1,0,1,0,0,0
can12,20220905,35.2264,128.638,1,0,0,1,0,0
IMG_112,20220905,37.54,126.88,1,0,1,0,0,0
IMG_122,20220905,37.53,126.88,2,1,1,0,0,0
sample95,20220905,37.68,126.8,2,0,1,0,0,1
sample100,20220905,37.68,126.8,2,0,0,0,1,1
IMG_3059,20220906,37.4951,126.87,1,0,0,0,0,1
IMG_3060,20220906,37.4951,126.87,1,0,0,0,0,1
15,20220906,37.5631,126.895,1,0,1,0,0,0
Plastic44,20220906,37.59,126.75,1,0,1,0,0,0
157,20220906,37.56,126.97,1,1,0,0,0,0
IMG_3147,20220906,37.5868,126.826,1,0,0,0,1,0
27,20220906,37.56,126.97,1,1,0,0,0,0
sample076,20220906,37.6766,126.816,1,1,0,0,0,0
image_64,20220906,37.52,126.93,1,1,0,0,0,0
B02,20220906,37.5708,126.9,1,0,1,0,0,0
69,20220906,37.5724,126.868,1,0,0,1,0,0
20221011_130349.jpg,20220906,37.55,126.9,1,1,0,0,0,0
IMG_3079,20220906,37.5042,126.872,1,0,1,0,0,0
sample113,20220906,37.6766,126.816,1,0,0,0,0,1
sample056,20220906,37.6766,126.816,1,0,0,0,0,1
sample95,20220906,36.98,127.93,1,0,0,1,0,0
63,20220906,37.5731,126.9,1,0,1,0,0,0
1665847584975-3.jpg,20220906,37.7089,126.608,1,1,0,0,0,0
sample (12),20220906,37.396,126.934,1,1,0,0,0,0
W_L008,20220906,37.57,126.832,1,1,0,0,0,0
IMG_3153,20220906,37.586,126.83,1,0,0,0,0,1
49,20220906,37.44,126.43,1,1,0,0,0,0
IMG_115,20220906,37.53,126.88,1,0,1,0,0,0
B05,20220906,37.5767,126.903,1,0,1,0,0,0
20221011_130245.jpg,20220906,37.55,126.9,1,1,0,0,0,0
IMG_087,20220906,37.53,126.88,2,0,1,1,0,0
Dorim_9a,20220906,37.51,126.88,1,0,1,0,0,0
20221009_104926.heic,20220906,37.6385,126.542,1,1,0,0,0,0
IMAGE 29,20220906,37.5714,126.979,1,0,0,0,0,1
IMG_1066,20220906,37.5283,126.932,1,1,0,0,0,0
89,20220906,37.43,126.43,1,0,1,0,0,0
sample060,20220906,37.6766,126.816,1,0,0,0,0,1
IMG_1072,20220906,37.5283,126.932,1,1,0,0,0,0
20211408_030,20220906,37.5229,126.941,1,1,0,0,0,0
sample83,20220906,37.68,126.8,3,1,1,0,1,0
IMG_110,20220906,37.54,126.88,1,0,1,0,0,0
B16,20220906,37.5769,126.903,1,0,1,0,0,0
sample71,20220906,37.68,126.8,3,1,1,0,1,0
29,20220906,37.5782,126.889,1,0,1,0,0,0
Cans6.jpg,20220906,38.65,127.09,1,0,0,1,0,0
IMG_144,20220906,37.53,126.88,1,1,0,0,0,0
70,20220906,37.5724,126.868,1,0,1,0,0,0
sample08,20220906,37.6316,126.929,1,1,0,0,0,0
sample27,20220906,36.98,127.94,1,0,0,1,0,0
IMG_3128,20220906,37.5867,126.826,1,0,0,0,0,1
IMG_3188,20220906,37.5803,126.833,1,0,1,0,0,0
Glass85,20220906,37.59,126.75,1,0,0,0,1,0
IMG_9972,20220906,37.31,126.55,1,0,1,0,0,0
Han_1b,20220906,37.55,126.87,1,0,0,0,0,1
sample02,20220906,36.98,127.93,1,0,1,0,0,0
sample57,20220906,37.6314,126.929,1,1,0,0,0,0
W_L023,20220906,37.57,126.832,1,0,1,0,0,0
canbot16,20220906,35.2264,128.638,1,0,0,1,0,0
sample51,20220906,37.6323,126.924,1,1,0,0,0,0
IMG_0140,20220906,37.28,126.55,1,1,0,0,0,0
sample (87),20220906,37.3861,126.952,1,0,0,0,1,0
plcup7,20220906,35.227,128.639,1,0,1,0,0,0
64,20220906,37.56,126.97,1,0,1,0,0,0
IMG_0184,20220906,37.29,126.55,1,0,1,0,0,0
sample03,20220906,37.68,126.8,1,0,1,0,0,0
cup7,20220906,35.2266,128.639,1,0,0,0,0,1
SP51,20220906,35.217,129.086,2,1,0,1,0,0
cup1,20220906,35.2266,128.639,1,0,0,0,0,1
135,20220906,37.56,126.97,1,1,0,0,0,0
picture(60),20220906,37.569,126.998,1,0,1,0,0,0
sample02,20220906,37.68,126.8,1,0,1,0,0,0
sample050_ms,20220906,37.32,126.55,2,1,1,0,0,0
IMG_0127,20220906,37.28,126.55,1,0,0,0,0,1
20221009_101618.heic,20220907,37.6638,126.623,1,1,0,0,0,0
IMG_9994,20220907,37.31,126.55,1,1,0,0,0,0
IMG_9995,20220907,37.31,126.55,1,1,0,0,0,0
IMG_1076,20220907,37.5283,126.932,1,1,0,0,0,0
IMG_094,20220907,37.53,126.88,1,0,1,0,0,0
76,20220907,37.56,126.97,1,1,0,0,0,0
149,20220907,37.56,126.97,1,0,0,0,0,1
sample072_ms,20220907,37.4808,126.82,1,0,0,1,0,0
138,20220907,37.56,126.97,1,1,0,0,0,0
sample (54),20220907,37.4091,126.918,1,1,0,0,0,0
tap5,20220907,35.2265,128.639,1,0,0,1,0,0
IMG_0177,20220907,37.29,126.55,1,0,1,0,0,0
IMG_3048,20220907,37.4943,126.87,1,0,1,0,0,0
IMG_0158,20220907,37.28,126.55,1,1,0,0,0,0
54,20220907,37.56,126.97,1,0,1,0,0,0
64,20220907,37.44,126.43,2,0,1,0,0,1
IMG_0131,20220907,37.28,126.55,1,1,0,0,0,0
bag3,20220907,35.2269,128.639,1,0,1,0,0,0
IMG_0181,20220907,37.29,126.55,1,1,0,0,0,0
W_L049,20220907,37.57,126.832,1,0,0,0,0,1
36,20220907,37.5782,126.889,1,0,1,0,0,0
bag1,20220907,35.2269,128.639,1,0,1,0,0,0
20221009_113840.heic,20220907,37.6357,126.532,3,1,1,0,0,1
Dorim_2b,20220907,37.51,126.88,1,0,1,0,0,0
40,20220907,37.44,126.43,1,0,1,0,0,0
sample21,20220907,36.98,127.93,1,0,1,0,0,0
sample054_ms,20220907,37.5295,126.91,1,0,1,0,0,0
sample052_ms,20220907,37.32,126.55,2,1,1,0,0,0
IMG_068,20220907,37.53,126.88,1,0,1,0,0,0
20221011_130157.jpg,20220907,37.55,126.9,1,0,1,0,0,0
Rubbish67,20220907,37.52,126.93,1,1,0,0,0,0
H13,20220907,37.5303,126.932,2,1,0,0,0,1
220910-11-산새공원.jpg,20220907,37.47,126.79,1,0,1,0,0,0
220910-12-산새공원.jpg,20220907,37.47,126.79,1,0,1,0,0,0
Dorim_13b,20220907,37.51,126.88,1,1,0,0,0,0
H24,20220907,37.5311,126.929,2,1,1,0,0,0
20221011_130236.jpg,20220907,37.55,126.9,1,1,0,0,0,0
sample073_ms,20220907,37.4811,126.82,1,0,0,0,0,1
20221011_130458.jpg,20220907,37.55,126.9,2,1,1,0,0,0
IMG_1115,20220907,37.5283,126.932,1,0,0,1,0,0
20211408_032,20220907,37.5229,126.941,1,1,0,0,0,0
sample06,20220907,37.68,126.8,1,1,0,0,0,0
20221011_130343(0).jpg,20220907,37.55,126.9,1,1,0,0,0,0
SP57,20220907,35.235,129.078,3,1,1,1,0,0
46,20220907,37.56,126.97,1,1,0,0,0,0
IMG_1086,20220907,37.5283,126.932,1,0,0,1,0,0
H64,20220907,37.5293,126.932,1,1,0,0,0,0
sample65,20220907,36.97,127.94,1,0,1,0,0,0
20211408_033,20220907,37.5228,126.941,1,1,0,0,0,0
77,20220907,37.56,126.97,1,1,0,0,0,0
W_M016,20220907,37.586,126.818,1,0,1,0,0,0
23,20220907,37.43,126.42,1,0,1,0,0,0
sample97,20220907,37.6315,126.929,1,1,0,0,0,0
IMG_3134,20220907,37.587,126.826,1,0,0,0,0,1
sample96,20220907,37.6315,126.929,1,1,0,0,0,0
220913-14-한울빛-금속+일반.jpg,20220907,37.47,126.8,1,1,0,0,0,0
20221011_130031.jpg,20220907,37.55,126.9,1,1,0,0,0,0
W_M037,20220907,37.586,126.818,1,0,0,0,1,0
sample058,20220908,37.6766,126.816,1,1,0,0,0,0
106,20220908,37.56,126.97,1,0,1,0,0,0
20211408_052,20220908,37.5231,126.941,1,0,0,0,0,1
IMG_1084,20220908,37.5283,126.932,1,0,0,1,0,0
IMG_084,20220908,37.53,126.88,3,1,1,1,0,0
12,20220908,37.56,126.97,1,1,0,0,0,0
W_M034,20220908,37.586,126.818,1,0,0,0,1,0
20211408_031,20220908,37.5229,126.941,1,1,0,0,0,0
IMG_3167,20220908,37.583,126.832,1,0,0,0,1,0
sample083,20220908,37.6766,126.816,1,1,0,0,0,0
20211408_035,20220908,37.5229,126.941,1,0,0,1,0,0
70,20220908,37.44,126.43,2,0,1,1,0,0
74,20220908,37.44,126.43,1,0,1,0,0,0
Rubbish14,20220908,37.59,126.75,1,1,0,0,0,0
sample84,20220908,36.98,127.93,1,0,1,0,0,0
sample78,20220908,36.98,127.93,1,0,1,0,0,0
86,20220908,37.43,126.43,1,1,0,0,0,0
IMG_104,20220908,37.54,126.88,2,0,1,0,0,1
20221009_101453.heic,20220908,37.6638,126.623,4,1,1,1,0,1
IMG_3102,20220908,37.601,126.801,1,0,1,0,0,0
IMG_1095,20220908,37.5283,126.932,1,1,0,0,0,0
7,20220908,37.56,126.97,1,1,0,0,0,0
W_L040,20220908,37.57,126.832,1,0,0,0,1,0
Rubbish12,20220908,37.59,126.75,1,1,0,0,0,0
W_L025,20220908,37.57,126.832,1,0,1,0,0,0
W_M012,20220908,37.586,126.818,1,0,1,0,0,0
145,20220908,37.56,126.97,2,1,0,0,0,1
IMG_3129,20220908,37.5867,126.826,1,0,0,0,0,1
20211408_025,20220908,37.5229,126.941,1,0,0,0,0,1
sample21,20220908,37.68,126.8,1,0,0,0,1,0
20221011_130237.jpg,20220908,37.55,126.9,1,1,0,0,0,0
sample085_ms,20220908,37.4687,126.844,1,0,0,1,0,0
Rubbish63,20220908,37.52,126.93,1,1,0,0,0,0
H15,20220908,37.5308,126.931,1,1,0,0,0,0
sample31,20220908,37.68,126.8,1,0,1,0,0,0
H74,20220908,37.5297,126.933,2,1,1,0,0,0
sample58,20220908,37.68,126.8,2,1,1,0,0,0
Dorim_14a,20220908,37.51,126.88,1,1,0,0,0,0
20221011_125756(0).jpg,20220908,37.55,126.9,1,1,0,0,0,0
H41,20220908,37.5311,126.93,1,1,0,0,0,0
H33,20220908,37.5319,126.928,1,1,0,0,0,0
220910-15-산새공원.jpg,20220908,37.47,126.79,1,1,0,0,0,0
20221011_125757.jpg,20220908,37.55,126.9,1,1,0,0,0,0
B06,20220908,37.5768,126.903,1,1,0,0,0,0
Rubbish65,20220908,37.52,126.93,1,1,0,0,0,0
IMG_9968,20220908,37.31,126.56,1,1,0,0,0,0
Han_2a,20220908,37.55,126.87,1,0,1,0,0,0
Paper93,20220908,37.59,126.75,1,0,0,0,0,1
can9,20220908,35.2264,128.638,1,0,0,1,0,0
sample055_ms,20220908,37.5297,126.912,1,0,1,0,0,0
sample047_ms,20220908,37.32,126.55,1,1,0,0,0,0
sample (99),20220908,37.3861,126.952,1,0,0,0,0,1
sample05,20220908,36.98,127.93,1,1,0,0,0,0
44,20220908,37.56,126.97,1,1,0,0,0,0
sample021_ms,20220908,37.4884,126.897,1,0,1,0,0,0
sample (92),20220908,37.3862,126.952,1,1,0,0,0,0
sty4,20220908,35.2262,128.638,0,0,0,0,0,0
47,20220908,37.5724,126.868,1,0,1,0,0,0
IMG_1058,20220908,37.5283,126.932,1,1,0,0,0,0
99,20220908,37.56,126.97,1,0,0,0,0,1
IMAGE 35,20220908,37.5713,126.979,1,0,0,0,0,1
45,20220908,37.5731,126.9,1,0,1,0,0,0
42,20220908,37.5731,126.9,1,0,1,0,0,0
IMG_1067,20220908,37.5283,126.932,1,1,0,0,0,0
IMG_3062,20220908,37.496,126.87,1,0,0,0,0,1
IMG_143,20220908,37.53,126.88,1,1,0,0,0,0
20221011_125726.jpg,20220908,37.55,126.9,1,1,0,0,0,0
IMAGE 69,20220908,37.5711,126.979,1,1,0,0,0,0
IMG_3047,20220908,37.494,126.87,1,1,0,0,0,0
IMG_0022,20220908,37.32,126.54,1,1,0,0,0,0
sample84,20220908,37.68,126.8,4,1,1,0,1,1
IMG_3072,20220908,37.5031,126.871,1,1,0,0,0,0
sample77,20220908,37.68,126.8,2,1,1,0,0,0
sample74,20220908,37.68,126.8,2,1,1,0,0,0
B14,20220908,37.5786,126.905,3,1,1,0,0,1
HJ5,20220908,37.5744,126.926,1,1,0,0,0,0
20221011_125716.jpg,20220908,37.55,126.9,1,1,0,0,0,0
28,20220908,37.56,126.97,1,1,0,0,0,0
sample25,20220908,37.6326,126.924,1,0,0,1,0,0
20211408_001,20220908,37.5226,126.942,1,0,0,0,0,1
IMAGE 03,20220908,37.5714,126.979,1,0,1,0,0,0
53,20220909,37.5724,126.868,1,0,1,0,0,0
sample008_ms,20220909,37.4882,126.897,1,0,1,0,0,0
sample (95),20220909,37.3862,126.952,1,0,1,0,0,0
Rubbish27,20220909,37.59,126.75,1,1,0,0,0,0
52,20220909,37.5724,126.868,2,0,1,0,0,1
IMG_0172,20220909,37.29,126.55,1,0,0,0,0,1
Dorim_17a,20220909,37.51,126.88,2,1,1,0,0,0
Dorim_12a,20220909,37.51,126.88,1,1,0,0,0,0
IMG_1114,20220909,37.5283,126.932,1,0,1,0,0,0
57,20220909,37.5724,126.868,1,0,1,0,0,0
IMG_1113,20220909,37.5283,126.932,1,0,1,0,0,0
220913-19-한울빛-일반.jpg,20220909,37.47,126.8,1,1,0,0,0,0
220913-23-한울빛-플라스틱.jpg,20220909,37.47,126.8,1,0,1,0,0,0
Plastic40,20220909,37.59,126.75,1,0,1,0,0,0
image_56,20220909,37.52,126.93,1,0,1,0,0,0
W_M014,20220909,37.586,126.818,1,0,1,0,0,0
sample64,20220909,36.97,127.94,1,0,1,0,0,0
Dorim_22a,20220909,37.51,126.88,1,0,1,0,0,0
sample027_ms,20220909,37.4679,126.843,1,1,0,0,0,0
22,20220909,37.5731,126.9,1,0,1,0,0,0
78,20220909,37.5724,126.868,1,0,0,1,0,0
sample030_ms,20220909,37.4655,126.834,1,0,1,0,0,0
Dorim_2a,20220909,37.51,126.88,1,0,1,0,0,0
W_L011,20220909,37.57,126.832,1,1,0,0,0,0
2,20220909,37.5598,126.889,1,0,1,0,0,0
Paper61,20220909,37.52,126.93,1,0,0,0,0,1
sample083_ms,20220909,37.4669,126.83,1,0,1,0,0,0
90,20220909,37.5782,126.889,1,0,1,0,0,0
96,20220909,37.43,126.43,1,0,0,1,0,0
IMG_101,20220909,37.53,126.88,1,0,0,0,0,1
H43,20220909,37.5311,126.93,1,1,0,0,0,0
IMG_3118,20220909,37.5878,126.82,1,1,0,0,0,0
20221009_101435.heic,20220909,37.6638,126.623,3,0,1,1,0,1
82,20220909,37.43,126.43,1,0,1,0,0,0
sample65,20220909,37.6314,126.929,1,1,0,0,0,0
can5,20220909,35.2264,128.638,1,0,0,1,0,0
sample63,20220909,37.6314,126.929,1,0,1,0,0,0
10,20220909,37.56,126.97,1,1,0,0,0,0
cofcan1,20220909,35.228,128.64,2,0,1,1,0,0
cofbagcan3,20220909,35.2274,128.639,2,0,1,1,0,0
canbot4,20220909,35.2264,128.638,1,0,0,1,0,0
IMG_137,20220909,37.53,126.89,3,1,1,0,0,1
IMAGE 30,20220909,37.5714,126.979,1,0,0,0,0,1
sample074,20220909,37.6766,126.816,1,0,0,0,0,1
IMG_126,20220909,37.53,126.88,1,0,1,0,0,0
2,20220909,37.56,126.97,1,1,0,0,0,0
20221011_125514.jpg,20220909,37.55,126.9,1,0,0,1,0,0
B18,20220909,37.5758,126.902,1,1,0,0,0,0
bag7,20220909,35.2269,128.639,1,0,1,0,0,0
36,20220909,37.56,126.97,1,1,0,0,0,0
H71,20220909,37.5292,126.917,1,1,0,0,0,0
20221011_125913(0).jpg,20220909,37.55,126.9,1,1,0,0,0,0
H55,20220909,37.5177,126.934,1,1,0,0,0,0
IMG_076,20220909,37.53,126.88,1,1,0,0,0,0
20211408_019,20220909,37.5229,126.941,1,1,0,0,0,0
1665847582689-1.jpg,20220909,37.7089,126.608,1,0,1,0,0,0
sty1,20220909,35.2262,128.638,0,0,0,0,0,0
20221011_130234.jpg,20220909,37.55,126.9,1,1,0,0,0,0
sample108,20220909,37.6766,126.816,1,0,1,0,0,0
20221009_114209.heic,20220909,37.6357,126.532,2,1,1,0,0,0
sample107,20220909,37.6766,126.816,1,0,1,0,0,0
pabag2,20220909,35.2267,128.639,1,0,0,0,0,1
48,20220909,37.56,126.97,1,1,0,0,0,0
picture(67),20220909,37.569,126.998,1,0,1,0,0,0
IMG_3155,20220909,37.586,126.83,1,0,0,0,0,1
20221009_104907.heic,20220909,37.6385,126.542,2,0,0,1,0,1
Dorim_22b,20220910,37.51,126.88,1,0,1,0,0,0
sample28,20220910,37.68,126.8,1,0,1,0,0,0
Plastic34,20220910,37.59,126.75,1,0,1,0,0,0
33,20220910,37.5782,126.889,1,0,0,1,0,0
38,20220910,37.5782,126.889,1,1,0,0,0,0
sample02,20220910,37.6315,126.928,1,1,0,0,0,0
44,20220910,37.5731,126.9,1,0,1,0,0,0
56,20220910,37.56,126.97,1,0,1,0,0,0
bag6,20220910,35.2269,128.639,1,0,1,0,0,0
IMG_1130,20220910,37.5283,126.932,1,1,0,0,0,0
IMAGE 04,20220910,37.5714,126.979,1,0,1,0,0,0
H03,20220910,37.5289,126.933,1,0,1,0,0,0
20221011_130243.jpg,20220910,37.55,126.9,1,1,0,0,0,0
IMG_0178,20220910,37.29,126.55,1,0,1,0,0,0
pabag5,20220910,35.2267,128.639,1,0,0,0,0,1
sample066_ms,20220910,37.4814,126.82,1,0,1,0,0,0
picture(66),20220910,37.569,126.998,1,0,1,0,0,0
SP48,20220910,35.89,128.607,3,1,1,0,0,1
SP43,20220910,35.89,128.607,3,1,1,0,0,1
sample56,20220910,37.6324,126.924,1,0,1,0,0,0
sample (93),20220910,37.3861,126.952,1,1,0,0,0,0
20211408_013,20220910,37.5228,126.941,1,0,0,1,0,0
sample014_ms,20220910,37.4853,126.904,1,0,1,0,0,0
H14,20220910,37.5306,126.931,2,1,1,0,0,0
Paper52,20220910,37.52,126.93,1,0,0,0,0,1
IMG_0153,20220910,37.28,126.55,1,0,1,0,0,0
Plastic36,20220910,37.59,126.75,1,0,1,0,0,0
canbot3,20220910,35.2264,128.638,1,0,0,1,0,0
20221011_125320.jpg,20220910,37.55,126.9,1,1,0,0,0,0
B20,20220910,37.5781,126.904,1,1,0,0,0,0
sample24,20220910,37.6327,126.924,1,0,0,1,0,0
B07,20220910,37.5767,126.903,1,1,0,0,0,0
H27,20220910,37.5311,126.929,2,1,1,0,0,0
127,20220910,37.56,126.97,2,1,1,0,0,0
220910-17-산새공원.jpg,20220910,37.47,126.79,1,0,1,0,0,0
cofho1,20220910,35.2277,128.64,2,0,1,1,0,0
H35,20220910,37.5308,126.929,2,1,0,0,0,1
can13,20220910,35.2264,128.638,1,0,0,1,0,0
20221011_130033(0).jpg,20220910,37.55,126.9,1,1,0,0,0,0
20221011_130032.jpg,20220910,37.55,126.9,1,1,0,0,0,0
220913-21-한울빛-비닐.jpg,20220910,37.47,126.8,1,0,1,0,0,0
Plastic45,20220910,37.59,126.75,1,0,1,0,0,0
sample016_ms,20220910,37.4849,126.904,1,0,1,0,0,0
97,20220910,37.43,126.43,1,0,0,0,1,0
21,20220910,37.56,126.97,1,1,0,0,0,0
76,20220910,37.43,126.43,1,0,1,0,0,0
sample073,20220910,37.6766,126.816,2,1,1,0,0,0
IMG_111,20220910,37.54,126.88,1,0,1,0,0,0
W_L048,20220910,37.57,126.832,1,0,0,0,0,1
20211408_041,20220910,37.523,126.941,1,0,1,0,0,0
IMG_3084,20220910,37.5042,126.872,1,0,1,0,0,0
20211408_050,20220910,37.5231,126.941,2,1,1,0,0,0
71,20220910,37.56,126.97,1,0,1,0,0,0
90,20220910,37.43,126.43,1,0,1,0,0,0
sample55,20220910,36.97,127.94,1,0,1,0,0,0
sample46,20220910,36.99,127.95,1,0,1,0,0,0
sample111,20220910,37.6766,126.816,1,0,0,0,0,1
67,20220910,37.56,126.97,1,0,1,0,0,0
sample12,20220910,36.98,127.93,2,1,1,0,0,0
Dorim_12b,20220910,37.51,126.88,1,1,0,0,0,0
W_M041,20220910,37.586,126.818,1,0,0,0,0,1
W_L022,20220910,37.57,126.832,1,0,1,0,0,0
sample078,20220910,37.6767,126.816,1,0,0,0,0,1
W_L020,20220910,37.57,126.832,1,1,0,0,0,0
20221009_114002.heic,20220910,37.6357,126.532,4,1,1,1,0,1
IMG_125,20220910,37.53,126.88,1,0,1,0,0,0
IMG_1119,20220910,37.5283,126.932,1,1,0,0,0,0
sample67,20220911,37.6314,126.929,1,1,0,0,0,0
H37,20220911,37.5308,126.929,2,1,1,0,0,0
H49,20220911,37.5297,126.928,1,0,1,0,0,0
IMG_120,20220911,37.53,126.88,2,1,1,0,0,0
20221011_125728.jpg,20220911,37.55,126.9,1,1,0,0,0,0
sample26,20220911,37.6326,126.924,1,0,0,1,0,0
H72,20220911,37.5317,126.929,1,1,0,0,0,0
IMG_113,20220911,37.54,126.88,1,0,1,0,0,0
sample32,20220911,37.6334,126.923,1,0,0,0,0,1
sample82,20220911,36.98,127.93,1,0,1,0,0,0
IMG_3092,20220911,37.505,126.872,1,0,0,1,0,0
IMG_118,20220911,37.53,126.88,2,1,1,0,0,0
SP59,20220911,36.662,129.12,1,1,0,0,0,0
IMG_9978,20220911,37.31,126.55,1,1,0,0,0,0
plcupbag1,20220911,35.2263,128.638,1,0,1,0,0,0
sty6,20220911,35.2262,128.638,0,0,0,0,0,0
tap2,20220911,35.2265,128.639,1,0,0,1,0,0
sample001_ms,20220911,37.46,126.83,1,0,1,0,0,0
Rubbish70,20220911,37.52,126.93,1,1,0,0,0,0
tap7,20220911,35.2265,128.639,1,0,0,1,0,0
sty3,20220911,35.2262,128.638,0,0,0,0,0,0
47,20220911,37.56,126.97,1,1,0,0,0,0
cup3,20220911,35.2266,128.639,1,0,0,0,0,1
cup10,20220911,35.2266,128.639,1,0,0,0,0,1
Paper54,20220911,37.52,126.93,1,0,0,0,0,1
Paper95,20220911,37.59,126.75,1,0,0,0,0,1
H06,20220911,37.5297,126.933,1,1,0,0,0,0
20221011_130233(0).jpg,20220911,37.55,126.9,1,1,0,0,0,0
107,20220911,37.56,126.97,1,0,1,0,0,0
SP66,20220911,36.59,128.648,3,1,1,1,0,0
pabag3,20220911,35.2267,128.639,1,0,0,0,0,1
Paper91,20220911,37.59,126.75,1,0,0,0,0,1
glbot5,20220911,35.2286,128.64,1,0,0,0,1,0
IMG_1110,20220911,37.5283,126.932,1,0,1,0,0,0
125,20220911,37.56,126.97,1,1,0,0,0,0
bag5,20220911,35.2269,128.639,1,0,1,0,0,0
69,20220911,37.44,126.43,2,0,1,1,0,0
W_M002,20220911,37.586,126.818,1,1,0,0,0,0
IMG_1100,20220911,37.5283,126.932,1,1,0,0,0,0
101,20220911,37.43,126.43,1,0,1,0,0,0
sample89,20220911,37.6315,126.929,1,0,0,0,1,0
IMAGE 31,20220911,37.5713,126.979,1,0,0,0,0,1
20221009_114033.heic,20220911,37.6357,126.532,5,1,1,1,1,1
3,20220911,37.5724,126.868,1,1,0,0,0,0
25,20220911,37.5519,126.899,1,1,0,0,0,0
sample68,20220911,37.68,126.8,3,1,1,0,1,0
80,20220911,37.5519,126.899,1,0,1,0,0,0
sample09,20220911,37.6315,126.929,1,1,0,0,0,0
20,20220911,37.5732,126.887,1,0,1,0,0,0
19,20220911,37.5791,126.89,1,1,0,0,0,0
26,20220911,37.5731,126.9,1,0,1,0,0,0
Dorim_4a,20220911,37.51,126.88,1,0,0,1,0,0
20221009_101522.heic,20220911,37.6638,126.623,1,0,1,0,0,0
62,20220911,37.44,126.43,2,0,1,0,0,1
IMG_0024,20220911,37.32,126.54,1,0,1,0,0,0
sample30,20220911,37.68,126.8,1,0,1,0,0,0
sample26,20220911,37.68,126.8,1,0,0,0,1,0
Dorim_21a,20220911,37.51,126.88,1,0,1,0,0,0
IMG_3057,20220911,37.4951,126.87,1,0,0,0,0,1
sample19,20220911,37.6325,126.924,1,1,0,0,0,0
Dorim_10b,20220911,37.51,126.88,1,1,0,0,0,0
140,20220911,37.56,126.97,1,1,0,0,0,0
canbot10,20220911,35.2264,128.638,1,0,0,1,0,0
sample057,20220911,37.6766,126.816,1,0,0,0,0,1
IMG_1108,20220911,37.5283,126.932,1,0,1,0,0,0
sample08,20220912,36.98,127.93,1,1,0,0,0,0
Dorim_20a,20220912,37.51,126.88,1,0,0,0,0,1
sample04,20220912,37.68,126.8,1,0,1,0,0,0
IMG_3177,20220912,37.5801,126.832,1,0,0,1,0,0
sample37,20220912,37.68,126.8,1,1,0,0,0,0
sample (5),20220912,37.3959,126.934,1,0,1,0,0,0
IMG_9996,20220912,37.31,126.55,1,1,0,0,0,0
IMG_3185,20220912,37.5815,126.833,1,0,0,1,0,0
Glass82,20220912,37.59,126.75,1,0,0,0,1,0
sample13,20220912,36.98,127.93,1,0,1,0,0,0
sample73,20220912,36.98,127.93,1,0,1,0,0,0
can7,20220912,35.2264,128.638,1,0,0,1,0,0
cofbagcan5,20220912,35.2274,128.639,2,0,1,1,0,0
IMG_0145,20220912,37.28,126.55,1,1,0,0,0,0
Anyang_2b,20220912,37.51,126.87,1,0,1,0,0,0
IMG_0026,20220912,37.32,126.54,1,0,1,0,0,0
IMG_3069,20220912,37.501,126.871,1,0,0,1,0,0
IMG_117,20220912,37.53,126.88,2,1,1,0,0,0
sample93,20220912,36.97,127.93,1,1,0,0,0,0
cofbagcan2,20220912,35.2274,128.639,2,0,1,1,0,0
ho3,20220912,35.2264,128.638,1,0,0,1,0,0
IMG_3156,20220912,37.586,126.83,1,0,0,0,0,1
sample80,20220912,37.68,126.8,3,1,1,0,1,0
20211408_040,20220912,37.523,126.941,1,0,1,0,0,0
IMG_075,20220912,37.53,126.88,1,1,0,0,0,0
30,20220912,37.56,126.97,1,1,0,0,0,0
IMG_080,20220912,37.53,126.88,2,0,1,1,0,0
101,20220912,37.5724,126.868,1,0,1,0,0,0
20221011_125916(0).jpg,20220912,37.55,126.9,1,1,0,0,0,0
100,20220912,37.5724,126.868,1,0,0,0,0,1
image_57,20220912,37.52,126.93,1,0,0,0,0,1
IMG_1082,20220912,37.5283,126.932,1,0,1,0,0,0
H48,20220912,37.5306,126.931,1,0,1,0,0,0
H46,20220912,37.5312,126.929,1,1,0,0,0,0
Plastic42,20220912,37.59,126.75,1,0,1,0,0,0
220913-20-한울빛-비닐.jpg,20220912,37.47,126.8,1,0,1,0,0,0
W_M032,20220912,37.586,126.818,1,0,0,0,1,0
H34,20220912,37.5308,126.929,2,1,0,0,0,1
61,20220912,37.56,126.97,1,1,0,0,0,0
20221011_130035(0).jpg,20220912,37.55,126.9,1,1,0,0,0,0
20221011_130109(0).jpg,20220912,37.55,126.9,1,1,0,0,0,0
83,20220912,37.5724,126.868,1,0,1,0,0,0
220910-13-산새공원.jpg,20220912,37.47,126.79,1,1,0,0,0,0
H70,20220912,37.5297,126.928,1,1,0,0,0,0
100,20220912,37.43,126.43,1,0,0,0,1,0
IMAGE 32,20220912,37.5713,126.979,1,0,0,0,0,1
Cans7.jpg,20220912,38.65,127.09,1,0,0,1,0,0
Cans10.jpg,20220912,38.65,127.09,1,0,0,1,0,0
220910-3-산새공원.jpg,20220912,37.47,126.79,2,1,1,0,0,0
20211408_002,20220912,37.5226,126.942,1,0,1,0,0,0
20221011_125449.jpg,20220912,37.55,126.9,1,0,0,1,0,0
20221011_125453.jpg,20220912,37.55,126.9,1,0,0,1,0,0
sample23,20220912,37.6326,126.924,1,0,0,1,0,0
20221011_130156(0).jpg,20220912,37.55,126.9,1,0,1,0,0,0
55,20220912,37.44,126.43,2,0,1,0,0,1
20221009_104941.heic,20220912,37.6385,126.542,1,1,0,0,0,0
Rubbish69,20220912,37.52,126.93,1,1,0,0,0,0
sample044_ms,20220912,37.32,126.55,1,1,0,0,0,0
53,20220912,37.44,126.43,2,0,1,0,0,1
SP88,20220912,36.59,128.648,2,0,1,1,0,0
sample43,20220912,37.635,126.92,1,1,0,0,0,0
sample071_ms,20220912,37.481,126.82,1,0,1,0,0,0
SP72,20220912,36.59,128.648,2,1,0,0,0,1
SP69,20220912,36.59,128.648,2,1,0,0,0,1
SP65,20220912,36.59,128.648,3,1,1,1,0,0
66,20220912,37.5724,126.868,1,0,1,0,0,0
W_L012,20220912,37.57,126.832,1,1,0,0,0,0
sample32,20220913,37.68,126.8,2,1,1,0,0,0
31,20220913,37.56,126.97,1,1,0,0,0,0
sample (34),20220913,37.3966,126.933,1,0,0,0,0,1
sample72,20220913,37.68,126.8,3,1,1,0,1,0
78,20220913,37.43,126.43,1,0,1,0,0,0
83,20220913,37.43,126.43,1,1,0,0,0,0
20221009_101703.heic,20220913,37.6638,126.623,2,1,0,0,0,1
88,20220913,37.43,126.43,1,0,1,0,0,0
20221009_104553.heic,20220913,37.6385,126.542,1,0,1,0,0,0
75,20220913,37.5724,126.868,2,0,1,0,0,1
97,20220913,37.5782,126.889,1,1,0,0,0,0
sample75,20220913,37.68,126.8,2,1,1,0,0,0
sample81,20220913,37.68,126.8,3,1,1,0,1,0
sample018_ms,20220913,37.4849,126.904,3,1,1,0,0,1
sample97,20220913,36.98,127.93,1,0,0,1,0,0
IMG_071,20220913,37.53,126.88,1,0,1,0,0,0
W_L028,20220913,37.57,126.832,1,0,0,1,0,0
17,20220913,37.56,126.97,1,1,0,0,0,0
sample (10),20220913,37.3956,126.935,1,1,0,0,0,0
108,20220913,37.56,126.97,1,0,1,0,0,0
66,20220913,37.56,126.97,1,0,1,0,0,0
sample45,20220913,36.99,127.95,1,0,1,0,0,0
20211408_043,20220913,37.523,126.941,1,0,0,1,0,0
sample72,20220913,36.97,127.94,1,0,1,0,0,0
IMG_145,20220913,37.53,126.88,1,1,0,0,0,0
image_65,20220913,37.52,126.93,1,1,0,0,0,0
IMG_3061,20220913,37.496,126.87,1,0,0,0,0,1
IMG_133,20220913,37.53,126.89,3,1,1,0,0,1
Rubbish09,20220913,37.59,126.75,1,1,0,0,0,0
IMG_3082,20220913,37.5042,126.872,1,0,1,0,0,0
sample75,20220913,36.98,127.93,1,0,1,0,0,0
20221011_130502.jpg,20220913,37.55,126.9,2,1,1,0,0,0
sample41,20220913,37.6335,126.923,1,0,0,0,0,1
20221011_130245(0).jpg,20220913,37.55,126.9,1,1,0,0,0,0
20221011_130244(0).jpg,20220913,37.55,126.9,1,1,0,0,0,0
20211408_009,20220913,37.5228,126.941,1,1,0,0,0,0
20221011_130154(0).jpg,20220913,37.55,126.9,1,0,1,0,0,0
H32,20220913,37.5319,126.928,2,1,0,0,0,1
colbag1,20220913,35.2275,128.639,1,0,1,0,0,0
58,20220913,37.5724,126.868,1,1,0,0,0,0
220913-29-한울빛-음식물.jpg,20220913,37.47,126.8,1,1,0,0,0,0
sample70,20220913,37.6314,126.929,1,0,0,0,0,1
220913-30-한울빛-일반.jpg,20220913,37.47,126.8,1,1,0,0,0,0
20221011_125512.jpg,20220913,37.55,126.9,1,0,0,1,0,0
tap4,20220913,35.2265,128.639,1,0,0,1,0,0
88,20220913,37.56,126.97,1,1,0,0,0,0
134,20220913,37.56,126.97,1,1,0,0,0,0
SP47,20220913,35.89,128.607,3,1,1,0,0,1
IMG_9983,20220913,37.31,126.55,1,1,0,0,0,0
sample059_ms,20220913,37.4824,126.82,1,0,0,0,1,0
IMAGE 05,20220913,37.5711,126.979,1,0,1,0,0,0
98,20220913,37.56,126.97,1,1,0,0,0,0
17,20220913,37.5791,126.89,1,0,0,0,0,1
23,20220913,37.5519,126.899,2,1,1,0,0,0
sample (40),20220913,37.397,126.932,1,1,0,0,0,0
12,20220913,37.43,126.42,1,1,0,0,0,0
sample (37),20220913,37.3969,126.932,1,1,0,0,0,0
sample13,20220913,37.68,126.8,1,1,0,0,0,0
sample17,20220913,37.68,126.8,1,0,1,0,0,0
sample76,20220913,37.6315,126.928,2,1,0,0,0,1
sample (58),20220913,35.8524,129.27,1,0,1,0,0,0
sample (59),20220913,35.8523,129.27,1,0,1,0,0,0
sample (55),20220913,35.8526,129.268,1,0,1,0,0,0
160,20220913,37.56,126.97,1,0,0,0,0,1
96,20220913,37.56,126.97,1,0,1,0,0,0
20211408_015,20220914,37.5228,126.941,1,1,0,0,0,0
70,20220914,37.56,126.97,1,0,1,0,0,0
sample22,20220914,37.6326,126.924,1,0,0,1,0,0
sample75,20220914,37.6314,126.929,1,1,0,0,0,0
132,20220914,37.56,126.97,1,1,0,0,0,0
Rubbish18,20220914,37.59,126.75,1,1,0,0,0,0
sample108,20220914,37.6314,126.929,1,0,1,0,0,0
Rubbish23,20220914,37.59,126.75,1,1,0,0,0,0
Rubbish74,20220914,37.52,126.93,1,1,0,0,0,0
sample35,20220914,37.6334,126.923,1,1,0,0,0,0
IMG_1096,20220914,37.5283,126.932,1,1,0,0,0,0
sample15,20220914,36.98,127.93,1,0,1,0,0,0
75,20220914,37.56,126.97,1,1,0,0,0,0
154,20220914,37.56,126.97,1,1,0,0,0,0
62,20220914,37.56,126.97,1,0,1,0,0,0
Can31,20220914,37.59,126.75,1,0,0,1,0,0
sample101,20220914,37.6312,126.929,1,1,0,0,0,0
sample07,20220914,36.98,127.93,1,1,0,0,0,0
sample50,20220914,37.6335,126.923,1,0,1,0,0,0
Plastic46,20220914,37.59,126.75,1,0,1,0,0,0
sample84,20220914,37.6315,126.929,1,0,0,0,1,0
Rubbish17,20220914,37.59,126.75,1,1,0,0,0,0
sample46,20220914,37.6334,126.923,1,0,1,0,0,0
19,20220914,37.56,126.97,1,1,0,0,0,0
IMG_3191,20220914,37.5803,126.833,1,0,1,0,0,0
IMG_067,20220914,37.53,126.88,1,0,1,0,0,0
W_M024,20220914,37.586,126.818,1,0,1,0,0,0
IMG_106,20220914,37.54,126.88,2,0,1,0,0,1
W_L033,20220914,37.57,126.832,1,0,0,1,0,0
IMG_074,20220914,37.53,126.88,1,0,1,0,0,0
5,20220914,37.5627,126.9,1,0,1,0,0,0
49,20220914,37.5724,126.868,1,0,1,0,0,0
20221011_130345(0).jpg,20220914,37.55,126.9,1,1,0,0,0,0
sample86,20220914,37.68,126.8,3,1,1,0,0,1
sample35,20220914,37.68,126.8,2,1,1,0,0,0
canbot17,20220914,35.2264,128.638,1,0,0,1,0,0
IMAGE 33,20220914,37.5713,126.979,1,0,0,0,0,1
cup5,20220914,35.2266,128.639,1,0,0,0,0,1
cup6,20220914,35.2266,128.639,1,0,0,0,0,1
20221011_125517.jpg,20220914,37.55,126.9,1,0,0,1,0,0
20221011_125718.jpg,20220914,37.55,126.9,1,1,0,0,0,0
glbot1,20220914,35.2286,128.64,1,0,0,0,1,0
B03,20220914,37.5719,126.9,1,1,0,0,0,0
H69,20220914,37.5293,126.932,1,0,1,0,0,0
H52,20220914,37.5306,126.931,1,0,1,0,0,0
20221011_130030.jpg,20220914,37.55,126.9,1,1,0,0,0,0
H26,20220914,37.5314,126.929,3,1,1,0,0,1
20221011_130232.jpg,20220914,37.55,126.9,1,1,0,0,0,0
can8,20220914,35.2264,128.638,1,0,0,1,0,0
1665847589604-4.jpg,20220914,37.7089,126.608,1,1,0,0,0,0
20221009_101657.heic,20220914,37.6638,126.623,2,1,0,0,0,1
77,20220914,37.43,126.43,1,0,1,0,0,0
43,20220914,37.44,126.43,1,0,1,0,0,0
6,20220914,37.39,126.46,2,0,0,0,1,1
220913-24-한울빛-플라스틱.jpg,20220914,37.47,126.8,1,0,1,0,0,0
20221011_130348(0).jpg,20220914,37.55,126.9,1,1,0,0,0,0
IMG_0132,20220914,37.28,126.55,1,1,0,0,0,0
sample100,20220914,36.98,127.93,1,0,0,1,0,0
sample (32),20220914,37.3966,126.933,1,1,0,0,0,0
sample87,20220914,36.97,127.93,1,1,0,0,0,0
sample (31),20220914,37.3966,126.933,1,1,0,0,0,0
sample76,20220914,36.98,127.93,1,0,1,0,0,0
Dorim_18b,20220914,37.51,126.88,1,0,0,1,0,0
IMG_0160,20220914,37.28,126.55,1,1,0,0,0,0
Anyang_3b,20220914,37.51,126.87,1,0,1,0,0,0
IMG_0036,20220914,37.31,126.54,1,0,1,0,0,0
Dorim_13a,20220914,37.51,126.88,1,1,0,0,0,0
Dorim_10a,20220914,37.51,126.88,1,1,0,0,0,0
IMG_0032,20220914,37.31,126.54,1,0,1,0,0,0
sample105,20220914,37.6766,126.816,1,1,0,0,0,0
sample50,20220914,36.97,127.94,1,0,1,0,0,0
sample077_ms,20220914,37.4782,126.822,1,1,0,0,0,0
sample110,20220914,37.6766,126.816,1,1,0,0,0,0
sample081_ms,20220914,37.4713,126.824,1,0,1,0,0,0
sample082_ms,20220914,37.4676,126.827,1,1,0,0,0,0
sample (13),20220914,37.3957,126.934,1,1,0,0,0,0
sample57,20220914,36.97,127.94,1,0,1,0,0,0
sample47,20220914,36.99,127.95,1,0,1,0,0,0
IMG_9988,20220914,37.31,126.55,1,1,0,0,0,0
sample003_ms,20220914,37.46,126.83,1,0,0,0,0,1
bottap3,20220915,35.2273,128.639,1,0,0,1,0,0
SP60,20220915,36.662,129.12,1,1,0,0,0,0
canbot8,20220915,35.2264,128.638,1,0,0,1,0,0
glbot2,20220915,35.2286,128.64,1,0,0,0,1,0
glbot6,20220915,35.2286,128.64,1,0,0,0,1,0
102,20220915,37.56,126.97,1,1,0,0,0,0
cup2,20220915,35.2266,128.639,1,0,0,0,0,1
colbag3,20220915,35.2275,128.639,1,0,1,0,0,0
cofcan2,20220915,35.228,128.64,2,0,1,1,0,0
sample (48),20220915,37.4055,126.926,1,0,0,0,0,1
20211408_006,20220915,37.5226,126.942,1,0,1,0,0,0
sample44,20220915,37.68,126.8,2,0,1,0,1,0
IMG_3154,20220915,37.586,126.83,1,0,0,0,0,1
IMG_3176,20220915,37.5801,126.832,1,0,0,1,0,0
IMG_3149,20220915,37.5868,126.826,1,0,0,0,1,0
43,20220915,37.56,126.97,1,1,0,0,0,0
IMG_078,20220915,37.53,126.88,1,1,0,0,0,0
IMG_096,20220915,37.53,126.88,1,0,1,0,0,0
IMG_3119,20220915,37.5878,126.82,1,1,0,0,0,0
sample (86),20220915,37.3861,126.952,1,0,0,0,1,0
91,20220915,37.56,126.97,1,1,0,0,0,0
130,20220915,37.56,126.97,2,1,1,0,0,0
sample90,20220915,37.6315,126.929,1,0,0,0,1,0
sample48,20220915,37.68,126.8,2,1,1,0,0,0
sample87,20220915,37.68,126.8,2,1,0,0,0,1
sample98,20220915,37.68,126.8,2,0,0,0,1,1
IMG_132,20220915,37.53,126.89,3,1,1,0,0,1
sample109,20220915,37.6314,126.929,1,0,1,0,0,0
IMG_3076,20220915,37.5031,126.871,1,0,1,0,0,0
IMG_116,20220915,37.53,126.88,1,0,1,0,0,0
IMG_099,20220915,37.53,126.88,1,0,0,0,0,1
sample44,20220915,36.99,127.95,1,0,1,0,0,0
W_M007,20220915,37.586,126.818,1,0,1,0,0,0
IMG_1105,20220915,37.5283,126.932,2,1,1,0,0,0
W_M011,20220915,37.586,126.818,1,0,1,0,0,0
IMG_0151,20220915,37.28,126.55,1,1,0,0,0,0
W_M038,20220915,37.586,126.818,1,0,0,0,1,0
IMG_0149,20220915,37.28,126.55,1,1,0,0,0,0
W_L013,20220915,37.57,126.832,1,1,0,0,0,0
sample01,20220915,36.98,127.93,1,0,1,0,0,0
IMG_0018,20220915,37.32,126.55,1,0,0,0,0,1
103,20220915,37.5724,126.868,1,1,0,0,0,0
98,20220915,37.5782,126.889,1,0,1,0,0,0
220913-18-한울빛-플라스틱.jpg,20220915,37.47,126.8,1,0,1,0,0,0
Plastic41,20220915,37.59,126.75,1,0,1,0,0,0
sample070_ms,20220915,37.481,126.82,1,0,1,0,0,0
sample048_ms,20220915,37.32,126.55,1,0,0,0,0,1
sample042_ms,20220915,37.32,126.55,1,0,1,0,0,0
54,20220915,37.5724,126.868,1,0,1,0,0,0
Rubbish73,20220915,37.52,126.93,1,1,0,0,0,0
sample023_ms,20220915,37.4896,126.896,1,1,0,0,0,0
sample011_ms,20220915,37.4864,126.899,1,1,0,0,0,0
67,20220915,37.5724,126.868,1,0,0,0,1,0
77,20220915,37.5724,126.868,1,0,0,0,1,0
20221011_130345.jpg,20220915,37.55,126.9,1,1,0,0,0,0
59,20220915,37.5791,126.89,1,0,1,0,0,0
IMG_0016,20220915,37.32,126.55,1,0,1,0,0,0
220910-1-산새공원.jpg,20220915,37.47,126.79,2,1,1,0,0,0
sample67,20220915,36.97,127.94,1,0,1,0,0,0
H57,20220915,37.5177,126.934,1,0,1,0,0,0
sample85,20220915,36.98,127.93,1,0,1,0,0,0
sample07,20220915,37.6315,126.929,1,1,0,0,0,0
sample74,20220915,36.98,127.93,1,0,1,0,0,0
sample30,20220915,37.6334,126.923,1,1,0,0,0,0
sample17,20220915,37.6322,126.924,1,1,0,0,0,0
sample69,20220915,36.97,127.94,1,0,1,0,0,0
sample68,20220915,36.97,127.94,1,0,1,0,0,0
HJ1,20220915,37.5722,126.922,1,0,0,0,0,1
B27,20220915,37.5769,126.903,1,1,0,0,0,0
sample62,20220915,36.97,127.94,1,0,1,0,0,0
60,20220915,37.44,126.43,2,0,1,0,0,1
SP84,20220915,36.59,128.648,2,0,1,1,0,0
sample49,20220915,36.99,127.95,1,0,1,0,0,0
sample56,20220915,36.97,127.94,1,0,1,0,0,0
20221011_130036.jpg,20220915,37.55,126.9,1,1,0,0,0,0
20221011_125725(0).jpg,20220915,37.55,126.9,1,1,0,0,0,0
20221011_125730.jpg,20220915,37.55,126.9,1,1,0,0,0,0
20221011_130035.jpg,20220915,37.55,126.9,1,1,0,0,0,0
H42,20220915,37.5311,126.929,2,1,1,0,0,0
H53,20220915,37.5325,126.926,1,1,0,0,0,0
sample057_ms,20220916,37.4828,126.82,1,1,0,0,0,0
sample053_ms,20220916,37.5357,126.913,1,0,1,0,0,0
sample063,20220916,37.6766,126.816,1,0,0,0,0,1
155,20220916,37.56,126.97,1,0,1,0,0,0
Paper58,20220916,37.52,126.93,1,0,0,0,0,1
IMG_0185,20220916,37.29,126.55,1,1,0,0,0,0
Han_1a,20220916,37.55,126.87,1,0,0,0,0,1
sample10,20220916,36.98,127.93,2,1,1,0,0,0
Dorim_1a,20220916,37.51,126.88,1,1,0,0,0,0
IMG_9992,20220916,37.31,126.55,1,1,0,0,0,0
IMG_0033,20220916,37.31,126.54,1,0,1,0,0,0
IMG_0138,20220916,37.28,126.55,1,1,0,0,0,0
IMG_0141,20220916,37.28,126.55,1,1,0,0,0,0
sample16,20220916,36.98,127.93,1,0,1,0,0,0
122,20220916,37.56,126.97,1,1,0,0,0,0
sample86,20220916,36.97,127.93,1,1,0,0,0,0
IMG_0037,20220916,37.31,126.54,1,0,1,0,0,0
20221011_130344(0).jpg,20220916,37.55,126.9,1,1,0,0,0,0
79,20220916,37.5724,126.868,1,0,0,0,0,1
IMG_3071,20220916,37.5031,126.871,1,1,0,0,0,0
sample89,20220916,37.68,126.8,2,1,0,0,0,1
sample49,20220916,37.68,126.8,2,1,1,0,0,0
sample36,20220916,37.68,126.8,1,1,0,0,0,0
sample12,20220916,37.68,126.8,1,1,0,0,0,0
1665847589604-2.jpg,20220916,37.7089,126.608,1,1,0,0,0,0
sample43,20220916,36.99,127.95,1,0,1,0,0,0
20221011_125742.jpg,20220916,37.55,126.9,1,1,0,0,0,0
20221011_130155(0).jpg,20220916,37.55,126.9,1,0,1,0,0,0
20221011_130342(0).jpg,20220916,37.55,126.9,1,1,0,0,0,0
IMG_3078,20220916,37.5031,126.871,1,0,1,0,0,0
IMG_3098,20220916,37.507,126.873,1,1,0,0,0,0
220910-16-산새공원.jpg,20220916,37.47,126.79,1,0,1,0,0,0
220913-16-한울빛-플라스틱.jpg,20220916,37.47,126.8,1,0,1,0,0,0
picture(68),20220916,37.569,126.998,1,0,1,0,0,0
34,20220916,37.5782,126.889,1,0,1,0,0,0
65,20220916,37.5724,126.868,1,0,0,1,0,0
W_L039,20220916,37.57,126.832,1,0,0,0,1,0
20211408_027,20220916,37.5229,126.941,1,1,0,0,0,0
Rubbish21,20220916,37.59,126.75,1,1,0,0,0,0
95,20220916,37.5782,126.889,1,0,0,0,1,0
IMG_3150,20220916,37.586,126.83,1,0,0,0,0,1
IMG_3135,20220916,37.587,126.826,1,0,0,0,0,1
IMG_3130,20220916,37.587,126.826,1,0,0,0,0,1
IMG_3123,20220916,37.5878,126.82,1,1,0,0,0,0
W_M043,20220916,37.586,126.818,1,0,0,0,0,1
W_L018,20220916,37.57,126.832,1,1,0,0,0,0
sample (1),20220916,37.3949,126.939,1,1,0,0,0,0
sample (89),20220916,37.3861,126.952,1,0,1,0,0,0
50,20220916,37.56,126.97,1,0,1,0,0,0
B24,20220916,37.5728,126.9,1,1,0,0,0,0
B21,20220916,37.5833,126.91,1,0,0,0,0,1
sample27,20220916,37.6326,126.924,1,0,0,1,0,0
sample05,20220916,37.6315,126.929,1,1,0,0,0,0
H45,20220916,37.5311,126.93,1,1,0,0,0,0
sample61,20220916,37.6314,126.929,1,0,0,0,0,1
H05,20220916,37.5294,126.933,1,1,0,0,0,0
65,20220916,37.44,126.43,1,1,0,0,0,0
IMG_1138,20220916,37.5283,126.932,1,1,0,0,0,0
IMG_1129,20220916,37.5283,126.932,1,1,0,0,0,0
SP50,20220916,35.89,128.607,3,1,1,0,0,1
SP46,20220916,35.89,128.607,3,1,1,0,0,1
sample (47),20220916,37.4007,126.928,1,1,0,0,0,0
84,20220916,37.56,126.97,1,1,0,0,0,0
80,20220916,37.56,126.97,1,1,0,0,0,0
IMG_091,20220916,37.53,126.88,3,0,1,1,0,1
69,20220916,37.56,126.97,1,1,0,0,0,0
IMG_086,20220916,37.53,126.88,3,1,1,1,0,0
IMG_079,20220916,37.53,126.88,3,1,1,1,0,0
IMG_0182,20220917,37.29,126.55,1,1,0,0,0,0
20221009_114022.heic,20220917,37.6357,126.532,5,1,1,1,1,1
20221009_104807.heic,20220917,37.6385,126.542,1,0,1,0,0,0
79,20220917,37.43,126.43,1,0,1,0,0,0
99,20220917,37.43,126.43,1,0,0,0,1,0
IMG_0001,20220917,37.31,126.55,1,0,0,0,0,1
IMG_1128,20220917,37.5283,126.932,1,1,0,0,0,0
sample020_ms,20220917,37.4873,126.898,1,0,0,0,0,1
sample (43),20220917,37.4012,126.928,1,1,0,0,0,0
Rubbish02,20220917,37.59,126.75,1,1,0,0,0,0
sample006_ms,20220917,37.4825,126.854,1,0,1,0,0,0
8,20220917,37.39,126.46,2,0,0,0,1,1
1665847589604-1.jpg,20220917,37.7089,126.608,1,0,0,1,0,0
Dorim_16a,20220917,37.51,126.88,1,0,1,0,0,0
17,20220917,37.43,126.42,2,1,0,0,0,1
22,20220917,37.43,126.42,2,1,0,0,0,1
IMG_1093,20220917,37.5283,126.932,1,1,0,0,0,0
sample04,20220917,36.98,127.93,1,0,1,0,0,0
60,20220917,37.5791,126.89,1,1,0,0,0,0
sample11,20220917,36.98,127.93,2,1,1,0,0,0
sample101,20220917,37.6766,126.816,1,1,0,0,0,0
8,20220917,37.5724,126.868,1,0,1,0,0,0
6,20220917,37.5691,126.981,1,0,1,0,0,0
sample26,20220917,36.98,127.94,1,0,0,1,0,0
Paper90,20220917,37.59,126.75,1,0,0,0,0,1
sample (100),20220917,37.3861,126.952,1,0,0,0,0,1
sample42,20220917,36.99,127.95,1,0,1,0,0,0
sample026_ms,20220917,37.496,126.894,2,1,0,1,0,0
IMG_1068,20220917,37.5283,126.932,1,1,0,0,0,0
Plastic37,20220917,37.59,126.75,1,0,1,0,0,0
Plastic43,20220917,37.59,126.75,1,0,1,0,0,0
Paper47,20220917,37.59,126.75,1,0,0,0,0,1
Paper56,20220917,37.52,126.93,1,0,0,0,0,1
IMG_081,20220917,37.53,126.88,3,1,1,1,0,0
IMG_1111,20220917,37.5283,126.932,1,0,1,0,0,0
20211408_026,20220917,37.5229,126.941,1,0,0,0,0,1
SP99,20220917,37.173,128.986,1,0,0,0,0,1
colbag7,20220917,35.2275,128.639,1,0,1,0,0,0
picture(63),20220917,37.569,126.998,1,0,1,0,0,0
20221011_130112.jpg,20220917,37.55,126.9,1,1,0,0,0,0
29,20220917,37.56,126.97,1,1,0,0,0,0
SP56,20220917,35.235,129.078,3,1,1,1,0,0
sample55,20220917,37.68,126.8,2,1,1,0,0,0
tap3,20220917,35.2265,128.639,1,0,0,1,0,0
sample41,20220917,37.68,126.8,3,1,1,0,1,0
158,20220917,37.56,126.97,1,0,0,0,0,1
20211408_012,20220917,37.5228,126.941,2,1,1,0,0,0
H30,20220917,37.5319,126.929,2,1,1,0,0,0
plcup1,20220917,35.227,128.639,1,0,1,0,0,0
sample52,20220917,37.68,126.8,2,1,1,0,0,0
H36,20220917,37.5319,126.928,2,1,1,0,0,0
49,20220917,37.56,126.97,1,1,0,0,0,0
bag2,20220917,35.2269,128.639,1,0,1,0,0,0
20211408_038,20220917,37.5229,126.941,1,0,0,1,0,0
116,20220917,37.56,126.97,1,0,1,0,0,0
109,20220917,37.56,126.97,1,0,1,0,0,0
IMG_077,20220917,37.53,126.88,1,1,0,0,0,0
B23,20220917,37.5728,126.9,1,1,0,0,0,0
IMG_072,20220917,37.53,126.88,1,0,1,0,0,0
B15,20220917,37.5767,126.903,2,1,1,0,0,0
IMG_108,20220917,37.54,126.88,2,0,1,0,0,1
H68,20220917,37.5293,126.932,1,1,0,0,0,0
129,20220917,37.56,126.97,1,0,1,0,0,0
H73,20220917,37.5294,126.933,1,1,0,0,0,0
H44,20220917,37.5311,126.93,1,1,0,0,0,0
IMG_138,20220917,37.53,126.89,1,0,1,0,0,0
bag4,20220917,35.2269,128.639,1,0,1,0,0,0
sample104,20220918,37.6766,126.816,1,0,0,0,0,1
sample082,20220918,37.6766,126.816,1,0,0,0,0,1
Glass80,20220918,37.59,126.75,1,0,0,0,1,0
W_M013,20220918,37.586,126.818,1,0,1,0,0,0
sample (18),20220918,37.396,126.935,1,1,0,0,0,0
20211408_034,20220918,37.5229,126.941,1,1,0,0,0,0
sample077,20220918,37.6766,126.816,1,0,0,0,0,1
sample25,20220918,36.98,127.94,1,0,0,1,0,0
W_M031,20220918,37.586,126.818,1,0,0,0,1,0
20211408_036,20220918,37.5229,126.941,1,1,0,0,0,0
Glass84,20220918,37.59,126.75,1,0,0,0,1,0
sample (11),20220918,37.3958,126.935,1,1,0,0,0,0
image_63,20220918,37.52,126.93,1,1,0,0,0,0
sample031_ms,20220918,37.4661,126.831,1,1,0,0,0,0
sample98,20220918,36.98,127.93,1,0,0,1,0,0
136,20220918,37.56,126.97,1,1,0,0,0,0
IMG_3044,20220918,37.493,126.87,1,0,1,0,0,0
IMG_9979,20220918,37.31,126.55,1,1,0,0,0,0
Anyang_3c,20220918,37.51,126.87,1,0,1,0,0,0
IMG_3093,20220918,37.505,126.872,1,1,0,0,0,0
IMG_0038,20220918,37.31,126.54,1,1,0,0,0,0
IMG_102,20220918,37.53,126.88,1,0,0,0,0,1
IMG_3138,20220918,37.5869,126.826,1,0,1,0,0,0
110,20220918,37.56,126.97,1,1,0,0,0,0
sample99,20220918,37.68,126.8,2,0,0,0,1,1
sample046_ms,20220918,37.32,126.55,1,0,1,0,0,0
sample065_ms,20220918,37.4813,126.82,1,0,1,0,0,0
sample112,20220918,37.6766,126.816,1,0,0,0,0,1
IMG_3190,20220918,37.5803,126.833,1,0,1,0,0,0
57,20220918,37.56,126.97,1,0,1,0,0,0
220913-26-한울빛-비닐.jpg,20220918,37.47,126.8,1,0,1,0,0,0
59,20220918,37.56,126.97,1,0,1,0,0,0
63,20220918,37.56,126.97,1,0,1,0,0,0
sample56,20220918,37.68,126.8,2,1,1,0,0,0
72,20220918,37.56,126.97,1,0,0,0,0,1
IMG_1077,20220918,37.5283,126.932,1,1,0,0,0,0
sample60,20220918,37.6314,126.929,1,0,0,0,0,1
IMG_1092,20220918,37.5283,126.932,1,1,0,0,0,0
1665847589604-0.jpg,20220918,37.7089,126.608,1,1,0,0,0,0
11,20220918,37.43,126.42,1,1,0,0,0,0
Rubbish25,20220918,37.59,126.75,1,1,0,0,0,0
tap1,20220918,35.2265,128.639,1,0,0,1,0,0
plcup8,20220918,35.227,128.639,1,0,1,0,0,0
plcup5,20220918,35.227,128.639,1,0,1,0,0,0
Rubbish30,20220918,37.59,126.75,1,1,0,0,0,0
pabag12,20220918,35.2267,128.639,1,0,0,0,0,1
20221011_130235(0).jpg,20220918,37.55,126.9,1,1,0,0,0,0
20221009_104753.heic,20220918,37.6385,126.542,1,1,0,0,0,0
57,20220918,37.44,126.43,2,0,1,0,0,1
81,20220918,37.43,126.43,1,0,1,0,0,0
91,20220918,37.43,126.43,1,0,0,1,0,0
H11,20220918,37.53,126.932,2,1,1,0,0,0
Plastic35,20220918,37.59,126.75,1,0,1,0,0,0
20221011_130346.jpg,20220918,37.55,126.9,1,1,0,0,0,0
20221011_130110.jpg,20220918,37.55,126.9,1,1,0,0,0,0
sample82,20220918,37.6312,126.929,1,0,0,0,1,0
W_L019,20220918,37.57,126.832,1,1,0,0,0,0
sample88,20220918,37.6315,126.929,1,0,0,0,1,0
20,20220918,37.43,126.42,2,1,0,0,0,1
pabag4,20220918,35.2267,128.639,1,0,0,0,0,1
20221011_125722.jpg,20220918,37.55,126.9,1,1,0,0,0,0
20211408_049,20220918,37.5232,126.941,1,1,0,0,0,0
sample059,20220918,37.6766,126.816,1,0,0,0,0,1
sample061,20220918,37.6766,126.816,1,0,1,0,0,0
sample (44),20220918,37.4007,126.928,1,1,0,0,0,0
sample (41),20220918,37.3972,126.933,1,1,0,0,0,0
sample (45),20220918,37.4006,126.928,1,1,0,0,0,0
20221011_125513.jpg,20220918,37.55,126.9,1,0,0,1,0,0
sample16,20220918,37.6329,126.925,1,1,0,0,0,0
B01,20220918,37.5708,126.9,1,0,1,0,0,0
sample062,20220918,37.6766,126.816,1,1,0,0,0,0
cup11,20220918,35.2266,128.639,1,0,0,0,0,1
20221011_125740.jpg,20220918,37.55,126.9,1,1,0,0,0,0
canbot12,20220918,35.2264,128.638,1,0,0,1,0,0
sample066,20220918,37.6766,126.816,1,1,0,0,0,0
H61,20220918,37.53,126.932,1,0,0,0,0,1
sample024_ms,20220919,37.49,126.896,2,1,1,0,0,0
IMAGE 34,20220919,37.5713,126.979,1,0,0,0,0,1
picture(65),20220919,37.569,126.998,1,0,1,0,0,0
sample033_ms,20220919,37.4677,126.827,1,1,0,0,0,0
sample056_ms,20220919,37.4831,126.819,1,1,0,0,0,0
IMG_0174,20220919,37.29,126.55,1,1,0,0,0,0
IMG_3115,20220919,37.5999,126.802,1,0,1,0,0,0
IMG_131,20220919,37.53,126.88,2,1,1,0,0,0
IMG_0180,20220919,37.29,126.55,1,0,1,0,0,0
IMG_0171,20220919,37.29,126.55,1,0,0,0,0,1
58,20220919,37.44,126.43,2,0,1,0,0,1
IMG_9970,20220919,37.31,126.55,1,1,0,0,0,0
IMG_9974,20220919,37.31,126.55,1,1,0,0,0,0
IMG_136,20220919,37.53,126.89,3,1,1,0,0,1
20221011_130029.jpg,20220919,37.55,126.9,1,1,0,0,0,0
IMG_9998,20220919,37.31,126.55,1,0,0,0,0,1
IMG_0023,20220919,37.32,126.54,1,1,0,0,0,0
IMG_141,20220919,37.53,126.88,1,1,0,0,0,0
18,20220919,37.43,126.42,2,1,0,0,0,1
pabag1,20220919,35.2267,128.639,1,0,0,0,0,1
76,20220919,37.5724,126.868,1,0,1,0,0,0
W_M005,20220919,37.586,126.818,1,1,0,0,0,0
W_L007,20220919,37.57,126.832,1,1,0,0,0,0
W_L050,20220919,37.57,126.832,1,0,0,0,0,1
W_M040,20220919,37.586,126.818,1,0,0,0,1,0
sample099,20220919,37.6766,126.816,2,1,0,0,0,1
W_M039,20220919,37.586,126.818,1,0,0,0,1,0
image_61,20220919,37.52,126.93,1,1,0,0,0,0
220913-10-한울빛-비닐.jpg,20220919,37.47,126.8,1,0,1,0,0,0
220913-2-한울빛-플라스틱.jpg,20220919,37.47,126.8,1,0,1,0,0,0
102,20220919,37.43,126.43,1,0,1,0,0,0
sample100_ms,20220919,36.01,129.34,2,1,1,0,0,0
20221009_101625.heic,20220919,37.6638,126.623,1,1,0,0,0,0
20221009_101633.heic,20220919,37.6638,126.623,1,1,0,0,0,0
SP44,20220919,35.89,128.607,3,1,1,0,0,1
4,20220919,37.5627,126.9,1,0,1,0,0,0
sample19,20220919,37.68,126.8,1,0,1,0,0,0
sample11,20220919,37.6325,126.927,1,1,0,0,0,0
Paper89,20220919,37.59,126.75,1,0,0,0,0,1
sample94,20220919,36.98,127.93,1,0,1,0,0,0
sample83,20220919,37.6313,126.929,1,0,0,0,1,0
20211408_024,20220919,37.5229,126.941,1,1,0,0,0,0
IMG_1063,20220919,37.5283,126.932,1,1,0,0,0,0
20211408_018,20220919,37.5229,126.941,1,1,0,0,0,0
Paper59,20220919,37.52,126.93,1,0,0,0,0,1
sample99,20220919,37.6314,126.929,1,1,0,0,0,0
39,20220919,37.56,126.97,1,1,0,0,0,0
Rubbish16,20220919,37.59,126.75,1,1,0,0,0,0
sample (2),20220919,37.3951,126.939,1,1,0,0,0,0
15,20220919,37.56,126.97,1,1,0,0,0,0
IMG_1090,20220919,37.5283,126.932,1,0,0,0,0,1
16,20220919,37.56,126.97,1,1,0,0,0,0
sample (39),20220919,37.397,126.932,1,1,0,0,0,0
42,20220919,37.56,126.97,1,1,0,0,0,0
sample09,20220919,36.98,127.93,2,1,1,0,0,0
sample49,20220919,37.6335,126.923,1,0,1,0,0,0
1665847582689-0.jpg,20220920,37.7089,126.608,1,0,1,0,0,0
20221009_104814.heic,20220920,37.6385,126.542,1,0,1,0,0,0
sample067_ms,20220920,37.4812,126.82,1,0,1,0,0,0
16,20220920,37.43,126.42,2,1,0,0,0,1
20221009_114211.heic,20220920,37.6357,126.532,2,1,1,0,0,0
H28,20220920,37.5317,126.929,2,1,1,0,0,0
H29,20220920,37.5317,126.929,1,0,1,0,0,0
20221011_125913.jpg,20220920,37.55,126.9,1,1,0,0,0,0
B12,20220920,37.5786,126.905,1,1,0,0,0,0
B13,20220920,37.5786,126.905,1,1,0,0,0,0
B19,20220920,37.5775,126.904,2,1,1,0,0,0
B22,20220920,37.5844,126.911,1,0,1,0,0,0
1665847592113-0.jpg,20220920,37.7089,126.608,3,1,1,0,0,1
sample036_ms,20220920,37.31,126.55,1,1,0,0,0,0
sample039_ms,20220920,37.31,126.55,1,0,1,0,0,0
sample040_ms,20220920,37.31,126.55,1,1,0,0,0,0
20221009_104812.heic,20220920,37.6385,126.542,1,0,1,0,0,0
sample051_ms,20220920,37.32,126.55,2,1,1,0,0,0
sample36,20220920,37.6334,126.923,1,1,0,0,0,0
W_L036,20220920,37.57,126.832,1,0,0,0,1,0
W_L024,20220920,37.57,126.832,1,0,1,0,0,0
Glass83,20220920,37.59,126.75,1,0,0,0,1,0
Can97,20220920,37.59,126.75,1,0,0,1,0,0
W_M006,20220920,37.586,126.818,1,0,1,0,0,0
sample109,20220920,37.6766,126.816,1,0,0,0,0,1
sample06,20220920,36.98,127.93,1,1,0,0,0,0
37,20220920,37.5782,126.889,1,1,0,0,0,0
35,20220920,37.5782,126.889,1,1,0,0,0,0
sample106,20220920,37.6766,126.816,1,1,0,0,0,0
IMG_1121,20220920,37.5283,126.932,1,0,1,0,0,0
Rubbish04,20220920,37.59,126.75,1,1,0,0,0,0
H19,20220920,37.5311,126.933,1,1,0,0,0,0
IMG_1109,20220920,37.5283,126.932,1,0,1,0,0,0
Rubbish11,20220920,37.59,126.75,1,1,0,0,0,0
220910-7-산새공원.jpg,20220920,37.47,126.79,2,1,1,0,0,0
220913-6-한울빛-플라스틱.jpg,20220920,37.47,126.8,1,0,1,0,0,0
W_L047,20220920,37.57,126.832,1,0,0,0,0,1
Can32,20220920,37.59,126.75,1,0,0,1,0,0
220913-13-한울빛-일반.jpg,20220920,37.47,126.8,1,1,0,0,0,0
152,20220920,37.56,126.97,1,0,0,0,0,1
colbag2,20220920,35.2275,128.639,1,0,1,0,0,0
147,20220920,37.56,126.97,2,1,0,0,0,1
4,20220920,37.56,126.97,1,1,0,0,0,0
sample107,20220920,37.6313,126.929,1,0,1,0,0,0
53,20220920,37.56,126.97,1,0,1,0,0,0
sample106,20220920,37.6315,126.929,1,1,0,0,0,0
144,20220920,37.56,126.97,2,1,0,0,0,1
sample104,20220920,37.6315,126.929,1,1,0,0,0,0
IMG_0157,20220920,37.28,126.55,1,1,0,0,0,0
canbot14,20220920,35.2264,128.638,1,0,0,1,0,0
IMG_0025,20220920,37.32,126.54,1,0,1,0,0,0
20211408_023,20220920,37.5229,126.941,1,1,0,0,0,0
IMG_0019,20220920,37.32,126.55,1,0,0,0,0,1
20211408_029,20220920,37.5229,126.941,2,0,1,0,0,1
H12,20220920,37.5303,126.932,2,1,1,0,0,0
can14,20220920,35.2264,128.638,1,0,0,1,0,0
IMG_0133,20220920,37.28,126.55,1,0,0,0,0,1
20211408_003,20220920,37.5226,126.941,2,1,0,0,0,1
canbot2,20220920,35.2264,128.638,1,0,0,1,0,0
sample33,20220920,37.68,126.8,2,1,1,0,0,0
SP49,20220920,35.89,128.607,3,1,1,0,0,1
IMG_114,20220920,37.53,126.88,2,0,1,0,0,1
sample (27),20220920,37.3966,126.933,1,0,0,1,0,0
97,20220920,37.56,126.97,1,0,1,0,0,0
IMG_3104,20220920,37.601,126.801,1,0,1,0,0,0
Dorim_21b,20220920,37.51,126.88,1,0,1,0,0,0
SP70,20220920,36.59,128.648,2,1,0,0,0,1
20221011_130347.jpg,20220920,37.55,126.9,1,1,0,0,0,0
IMG_3109,20220920,37.5999,126.802,1,0,1,0,0,0
IMG_3114,20220920,37.5999,126.802,1,0,1,0,0,0
124,20220920,37.56,126.97,1,0,1,0,0,0
IMG_093,20220920,37.53,126.88,1,0,1,0,0,0
sample73,20220920,37.6314,126.929,1,0,0,1,0,0
100,20220920,37.56,126.97,1,0,1,0,0,0
92,20220920,37.56,126.97,1,0,1,0,0,0
sample81,20220920,37.6315,126.929,1,0,0,0,0,1
IMG_3058,20220920,37.4951,126.87,1,0,0,0,0,1
96,20220921,37.5782,126.889,1,0,0,0,0,1
IMG_3046,20220921,37.494,126.87,1,1,0,0,0,0
sample88,20220921,37.68,126.8,2,1,0,0,0,1
89,20220921,37.5731,126.9,1,0,0,1,0,0
sample01,20220921,37.68,126.8,1,0,1,0,0,0
89,20220921,37.56,126.97,1,1,0,0,0,0
W_L032,20220921,37.57,126.832,1,0,0,1,0,0
51,20220921,37.56,126.97,1,1,0,0,0,0
sample62,20220921,37.68,126.8,2,1,1,0,0,0
58,20220921,37.56,126.97,1,0,1,0,0,0
W_L044,20220921,37.57,126.832,1,0,0,0,1,0
W_L046,20220921,37.57,126.832,1,0,0,0,0,1
86,20220921,37.56,126.97,1,1,0,0,0,0
Paper62,20220921,37.52,126.93,1,0,0,0,0,1
IMG_3091,20220921,37.505,126.872,1,0,0,1,0,0
IMG_3096,20220921,37.505,126.872,1,1,0,0,0,0
IMG_3192,20220921,37.5803,126.833,1,0,1,0,0,0
sample65,20220921,37.68,126.8,2,1,1,0,0,0
H22,20220921,37.5311,126.93,1,1,0,0,0,0
sample21,20220921,37.6327,126.924,1,1,0,0,0,0
3,20220921,37.39,126.46,1,1,0,0,0,0
15,20220921,37.43,126.42,2,1,0,0,0,1
sample37,20220921,37.6335,126.923,1,1,0,0,0,0
sample62,20220921,37.6314,126.929,1,0,1,0,0,0
H50,20220921,37.5306,126.931,1,0,1,0,0,0
20221011_125914.jpg,20220921,37.55,126.9,1,1,0,0,0,0
SP78,20220921,36.59,128.648,2,1,1,0,0,0
20221011_130348.jpg,20220921,37.55,126.9,1,1,0,0,0,0
1665847582689-3.jpg,20220921,37.7089,126.608,1,1,0,0,0,0
H63,20220921,37.531,126.931,1,1,0,0,0,0
B11,20220921,37.5753,126.901,3,1,1,0,0,1
SP61,20220921,36.662,129.12,1,1,0,0,0,0
SP58,20220921,35.235,129.078,3,1,1,1,0,0
H66,20220921,37.5293,126.932,1,1,0,0,0,0
colbag4,20220921,35.2275,128.639,1,0,1,0,0,0
37,20220921,37.44,126.43,1,0,1,0,0,0
can4,20220921,35.2264,128.638,1,0,0,1,0,0
bottap1,20220921,35.2273,128.639,1,0,0,1,0,0
IMG_1091,20220921,37.5283,126.932,1,1,0,0,0,0
canbot1,20220921,35.2264,128.638,1,0,0,1,0,0
Rubbish19,20220921,37.59,126.75,1,1,0,0,0,0
Rubbish22,20220921,37.59,126.75,1,1,0,0,0,0
48,20220921,37.44,126.43,1,1,0,0,0,0
51,20220921,37.44,126.43,2,0,1,0,0,1
5,20220921,37.56,126.97,1,1,0,0,0,0
20221009_114020.heic,20220921,37.6357,126.532,5,1,1,1,1,1
sample (19),20220921,37.396,126.935,1,1,0,0,0,0
canbot9,20220921,35.2264,128.638,1,0,0,1,0,0
20221009_104750.heic,20220921,37.6385,126.542,2,0,1,0,0,1
sample (52),20220921,37.4045,126.923,1,1,0,0,0,0
20221009_104928.heic,20220921,37.6385,126.542,1,0,0,1,0,0
can6,20220921,35.2264,128.638,1,0,0,1,0,0
IMG_0145,20220921,37.28,126.55,1,1,0,0,0,0
sample010_ms,20220921,37.4884,126.897,1,0,1,0,0,0
sample041_ms,20220921,37.31,126.55,2,1,1,0,0,0
sample63,20220921,36.97,127.94,1,0,1,0,0,0
IMG_0155,20220921,37.28,126.55,1,1,0,0,0,0
Dorim_20b,20220921,37.51,126.88,1,0,0,0,0,1
IMG_0156,20220921,37.28,126.55,1,1,0,0,0,0
sample061_ms,20220921,37.4825,126.82,1,0,1,0,0,0
IMG_0130,20220921,37.28,126.55,1,1,0,0,0,0
IMG_0143,20220921,37.28,126.55,1,1,0,0,0,0
sample (28),20220922,37.3966,126.933,1,0,0,1,0,0
52,20220922,37.56,126.97,1,0,1,0,0,0
W_M023,20220922,37.586,126.818,1,0,1,0,0,0
sample (46),20220922,37.4007,126.928,1,1,0,0,0,0
20211408_010,20220922,37.5228,126.941,1,1,0,0,0,0
SP75,20220922,36.59,128.648,2,1,1,0,0,0
SP52,20220922,35.217,129.086,2,1,0,1,0,0
colbag5,20220922,35.2275,128.639,1,0,1,0,0,0
sample15,20220922,37.68,126.8,1,1,0,0,0,0
Glass86,20220922,37.59,126.75,1,0,0,0,1,0
sample34,20220922,37.68,126.8,2,1,1,0,0,0
sample39,20220922,37.68,126.8,1,1,0,0,0,0
W_M036,20220922,37.586,126.818,1,0,0,0,1,0
33,20220922,37.56,126.97,1,1,0,0,0,0
can11,20220922,35.2264,128.638,1,0,0,1,0,0
H20,20220922,37.5311,126.93,1,1,0,0,0,0
W_L051,20220922,37.57,126.832,1,0,0,0,0,1
sample90,20220922,36.97,127.93,1,1,0,0,0,0
IMG_9997,20220922,37.31,126.55,1,0,0,0,0,1
Dorim_11a,20220922,37.51,126.88,2,1,1,0,0,0
20211408_037,20220922,37.5229,126.941,1,1,0,0,0,0
220913-22-한울빛-플라스틱.jpg,20220922,37.47,126.8,1,0,1,0,0,0
50,20220922,37.44,126.43,2,0,1,0,0,1
W_L021,20220922,37.57,126.832,1,0,1,0,0,0
SP86,20220922,36.59,128.648,2,0,1,1,0,0
sample12,20220922,37.6324,126.927,1,1,0,0,0,0
IMG_0136,20220922,37.28,126.55,1,0,0,0,0,1
20211408_042,20220922,37.523,126.941,1,0,1,0,0,0
38,20220922,37.56,126.97,1,1,0,0,0,0
1665847584975-2.jpg,20220922,37.7089,126.608,1,1,0,0,0,0
sample114,20220922,37.6766,126.816,1,0,0,0,0,1
sample043_ms,20220922,37.32,126.55,1,0,0,0,0,1
Anyang_1b,20220922,37.52,126.88,1,0,1,0,0,0
IMG_140,20220922,37.53,126.88,1,1,0,0,0,0
sample14,20220922,36.98,127.93,1,0,1,0,0,0
sample (24),20220922,37.3963,126.935,1,1,0,0,0,0
sample037_ms,20220922,37.31,126.55,2,1,1,0,0,0
30,20220922,37.5782,126.889,1,1,0,0,0,0
SP63,20220922,36.662,129.12,1,1,0,0,0,0
sample99,20220922,36.98,127.93,1,0,0,1,0,0
IMG_1106,20220922,37.5283,126.932,2,1,1,0,0,0
sample24,20220922,36.98,127.93,1,0,1,0,0,0
16,20220922,37.5791,126.89,1,0,1,0,0,0
IMG_107,20220922,37.54,126.88,2,0,1,0,0,1
220910-8-산새공원.jpg,20220922,37.47,126.79,1,0,1,0,0,0
sample44,20220922,37.6348,126.92,1,1,0,0,0,0
20221011_125516.jpg,20220922,37.55,126.9,1,0,0,1,0,0
IMG_1101,20220922,37.5283,126.932,1,1,0,0,0,0
IMG_109,20220922,37.54,126.88,1,0,1,0,0,0
73,20220922,37.44,126.43,1,1,0,0,0,0
IMG_127,20220922,37.53,126.88,1,0,1,0,0,0
sample (8),20220922,37.3959,126.934,1,0,1,0,0,0
Rubbish20,20220922,37.59,126.75,1,1,0,0,0,0
220913-1-한울빛-비닐.jpg,20220922,37.47,126.8,1,0,1,0,0,0
105,20220922,37.56,126.97,1,0,1,0,0,0
20221009_101501.heic,20220922,37.6638,126.623,2,1,1,0,0,0
sample64,20220922,37.68,126.8,2,1,1,0,0,0
B28,20220922,37.5714,126.9,1,1,0,0,0,0
143,20220922,37.56,126.97,1,1,0,0,0,0
IMG_3127,20220922,37.5867,126.826,1,0,0,0,0,1
IMG_095,20220922,37.53,126.88,2,0,1,0,0,1
sample03,20220922,36.98,127.93,1,0,1,0,0,0
plcup6,20220923,35.227,128.639,1,0,1,0,0,0
IMG_9980,20220923,37.31,126.55,1,1,0,0,0,0
Dorim_5a,20220923,37.51,126.88,2,1,1,0,0,0
10,20220923,37.43,126.42,1,1,0,0,0,0
Rubbish05,20220923,37.59,126.75,1,1,0,0,0,0
colbag6,20220923,35.2275,128.639,1,0,1,0,0,0
cup13,20220923,35.2266,128.639,1,0,0,0,0,1
20221011_125321.jpg,20220923,37.55,126.9,1,1,0,0,0,0
cup14,20220923,35.2266,128.639,1,0,0,0,0,1
IMG_0148,20220923,37.28,126.55,1,1,0,0,0,0
20221011_130457.jpg,20220923,37.55,126.9,2,1,1,0,0,0
ho1,20220923,35.2264,128.638,1,0,0,1,0,0
IMG_0137,20220923,37.28,126.55,1,1,0,0,0,0
pabag7,20220923,35.2267,128.639,1,0,0,0,0,1
pabag11,20220923,35.2267,128.639,1,0,0,0,0,1
20221011_130244.jpg,20220923,37.55,126.9,1,1,0,0,0,0
sample66,20220923,36.97,127.94,1,0,1,0,0,0
H08,20220923,37.5306,126.931,1,0,1,0,0,0
43,20220923,37.5731,126.9,1,0,1,0,0,0
87,20220923,37.56,126.97,1,1,0,0,0,0
sample80,20220923,37.6315,126.929,1,0,0,0,0,1
74,20220923,37.56,126.97,1,1,0,0,0,0
IMAGE 28,20220923,37.5714,126.979,1,0,0,0,0,1
82,20220923,37.5691,126.981,1,0,0,0,0,1
sample019_ms,20220923,37.4859,126.9,1,0,1,0,0,0
85,20220923,37.5724,126.868,1,0,0,0,1,0
IMG_3184,20220923,37.5815,126.833,1,0,0,1,0,0
sample (9),20220923,37.3959,126.934,1,0,1,0,0,0
B04,20220923,37.5761,126.902,1,1,0,0,0,0
sample10,20220923,37.6325,126.927,1,1,0,0,0,0
75,20220923,37.43,126.43,1,0,1,0,0,0
104,20220923,37.56,126.97,1,1,0,0,0,0
sample (3),20220923,37.3951,126.939,1,1,0,0,0,0
IMG_3125,20220923,37.5867,126.826,1,0,0,0,0,1
20221011_125450.jpg,20220923,37.55,126.9,1,0,0,1,0,0
IMG_3121,20220923,37.5878,126.82,1,1,0,0,0,0
IMG_097,20220923,37.53,126.88,2,0,1,0,0,1
IMG_3113,20220923,37.5999,126.802,1,0,1,0,0,0
IMG_3151,20220923,37.586,126.83,1,0,0,0,0,1
IMG_3065,20220923,37.501,126.871,1,0,0,1,0,0
IMG_066,20220923,37.53,126.88,1,0,1,0,0,0
sample22,20220923,36.98,127.93,1,0,1,0,0,0
14,20220923,37.5724,126.868,2,0,1,0,1,0
B17,20220923,37.5758,126.902,1,1,0,0,0,0
31,20220923,37.5782,126.889,1,1,0,0,0,0
IMG_3097,20220923,37.507,126.873,1,1,0,0,0,0
W_M003,20220923,37.586,126.818,1,1,0,0,0,0
40,20220923,37.56,126.97,1,1,0,0,0,0
IMG_0020,20220923,37.32,126.55,1,0,0,0,0,1
sample64,20220923,37.6314,126.929,1,0,1,0,0,0
20221011_130111(0).jpg,20220923,37.55,126.9,1,1,0,0,0,0
56,20220923,37.44,126.43,2,0,1,0,0,1
sample68,20220923,37.6314,126.929,1,0,0,0,0,1
bottap2,20220923,35.2273,128.639,1,0,0,1,0,0
5,20220923,37.39,126.46,2,0,0,0,1,1
Paper55,20220923,37.52,126.93,1,0,0,0,0,1
Glass76,20220923,37.59,126.75,1,0,0,0,1,0
W_M004,20220923,37.586,126.818,1,1,0,0,0,0
sample080,20220923,37.6766,126.816,1,1,0,0,0,0
55,20220923,37.56,126.97,1,0,1,0,0,0
W_M019,20220923,37.586,126.818,1,0,1,0,0,0
93,20220923,37.43,126.43,1,0,0,1,0,0
sample27,20220923,37.68,126.8,1,0,1,0,0,0
Glass81,20220923,37.59,126.75,1,0,0,0,1,0
sample09,20220923,37.68,126.8,1,1,0,0,0,0
Dorim_15a,20220923,37.51,126.88,2,1,1,0,0,0
sample20,20220923,37.68,126.8,1,0,1,0,0,0
sample (98),20220923,37.3861,126.952,1,0,0,0,0,1
sample084_ms,20220924,37.4656,126.833,1,0,1,0,0,0
20221011_130111.jpg,20220924,37.55,126.9,1,1,0,0,0,0
20221011_125916.jpg,20220924,37.55,126.9,1,1,0,0,0,0
sample92,20220924,36.97,127.93,1,1,0,0,0,0
sample33,20220924,37.6334,126.923,1,0,0,0,0,1
sample029_ms,20220924,37.4655,126.838,1,1,0,0,0,0
20221011_125450(0).jpg,20220924,37.55,126.9,1,0,0,1,0,0
Anyang_2a,20220924,37.51,126.87,1,0,1,0,0,0
H02,20220924,37.5289,126.933,2,0,1,0,0,1
20221011_130157(0).jpg,20220924,37.55,126.9,1,0,1,0,0,0
sample66,20220924,37.6314,126.929,1,1,0,0,0,0
sample004_ms,20220924,37.4654,126.839,3,1,1,0,1,0
sample005_ms,20220924,37.4632,126.844,2,1,1,0,0,0
H39,20220924,37.531,126.929,3,1,1,0,0,1
W_M028,20220924,37.586,126.818,1,0,0,1,0,0
sample25,20220924,37.68,126.8,1,0,0,0,1,0
20211408_008,20220924,37.5228,126.941,2,1,1,0,0,0
W_L003,20220924,37.57,126.832,1,1,0,0,0,0
sample (91),20220924,37.3861,126.952,1,0,1,0,0,0
sample065,20220924,37.6766,126.816,1,1,0,0,0,0
W_M027,20220924,37.586,126.818,1,0,0,1,0,0
W_L054,20220924,37.57,126.832,1,0,0,0,0,1
23,20220924,37.56,126.97,1,1,0,0,0,0
bag8,20220924,35.2269,128.639,1,0,1,0,0,0
220913-17-한울빛-플라스틱.jpg,20220924,37.47,126.8,1,0,1,0,0,0
14,20220924,37.56,126.97,1,1,0,0,0,0
W_L053,20220924,37.57,126.832,1,0,0,0,0,1
Paper94,20220924,37.59,126.75,1,0,0,0,0,1
156,20220924,37.56,126.97,1,0,0,0,0,1
IMG_3131,20220924,37.587,126.826,1,0,0,0,0,1
IMG_098,20220924,37.53,126.88,1,0,1,0,0,0
7,20220924,37.5627,126.9,1,1,0,0,0,0
sample20,20220924,36.98,127.93,1,1,0,0,0,0
13,20220924,37.5724,126.868,1,0,1,0,0,0
sample17,20220924,36.98,127.93,1,1,0,0,0,0
IMG_134,20220924,37.53,126.89,3,1,1,0,0,1
20211408_004,20220924,37.5226,126.942,1,0,0,0,0,1
IMG_3052,20220924,37.4943,126.87,1,0,1,0,0,0
sample90,20220924,37.68,126.8,1,0,0,0,0,1
84,20220924,37.5732,126.887,1,0,0,1,0,0
sample51,20220924,37.68,126.8,2,1,1,0,0,0
W_M001,20220924,37.586,126.818,1,1,0,0,0,0
IMG_0134,20220924,37.28,126.55,1,0,0,0,0,1
B26,20220924,37.5808,126.907,1,0,1,0,0,0
IMG_1085,20220924,37.5283,126.932,1,0,0,1,0,0
84,20220924,37.43,126.43,1,1,0,0,0,0
20221009_101438.heic,20220924,37.6638,126.623,2,1,1,0,0,0
3,20220924,37.56,126.97,1,1,0,0,0,0
94,20220924,37.43,126.43,1,0,0,1,0,0
IMG_0175,20220924,37.29,126.55,1,1,0,0,0,0
220910-9-산새공원.jpg,20220924,37.47,126.79,2,1,1,0,0,0
Rubbish07,20220924,37.59,126.75,1,1,0,0,0,0
tap6,20220924,35.2265,128.639,1,0,0,1,0,0
Rubbish24,20220924,37.59,126.75,1,1,0,0,0,0
sample95,20220924,37.6315,126.929,1,1,0,0,0,0
Rubbish29,20220924,37.59,126.75,1,1,0,0,0,0
20221009_104559.heic,20220924,37.6385,126.542,2,1,0,1,0,0
sample40,20220925,37.6336,126.923,1,0,0,0,0,1
IMG_3124,20220925,37.5867,126.826,1,0,0,0,0,1
IMG_0161,20220925,37.28,126.55,1,1,0,0,0,0
sample53,20220925,37.68,126.8,2,1,1,0,0,0
B25,20220925,37.5742,126.901,1,1,0,0,0,0
SP55,20220925,35.235,129.078,3,1,1,1,0,0
IMG_089,20220925,37.53,126.88,2,0,1,1,0,0
sample (22),20220925,37.3959,126.934,1,1,0,0,0,0
93,20220925,37.56,126.97,1,0,1,0,0,0
IMG_123,20220925,37.53,126.88,1,0,1,0,0,0
IMG_3068,20220925,37.501,126.871,1,0,0,1,0,0
IMG_3064,20220925,37.496,126.87,1,0,0,0,0,1
126,20220925,37.56,126.97,1,1,0,0,0,0
133,20220925,37.56,126.97,1,1,0,0,0,0
sample78,20220925,37.6315,126.929,2,1,0,0,0,1
cofbagcan4,20220925,35.2274,128.639,2,0,1,1,0,0
Dorim_11b,20220925,37.51,126.88,2,1,1,0,0,0
26,20220925,37.56,126.97,1,1,0,0,0,0
canbot13,20220925,35.2264,128.638,1,0,0,1,0,0
20,20220925,37.56,126.97,1,1,0,0,0,0
sample (30),20220925,37.3966,126.933,1,1,0,0,0,0
SP79,20220925,36.59,128.648,2,1,1,0,0,0
H01,20220925,37.5289,126.934,1,0,1,0,0,0
Dorim_7a,20220925,37.51,126.88,2,1,1,0,0,0
H67,20220925,37.5317,126.929,1,0,0,0,0,1
sample98,20220925,37.6314,126.929,1,1,0,0,0,0
IMG_0159,20220925,37.28,126.55,1,1,0,0,0,0
20221011_125758(0).jpg,20220925,37.55,126.9,1,1,0,0,0,0
sample103,20220925,37.6315,126.929,1,1,0,0,0,0
sample009_ms,20220925,37.4884,126.897,1,0,1,0,0,0
glbot4,20220925,35.2286,128.64,1,0,0,0,1,0
sample (33),20220925,37.3967,126.933,1,0,0,0,0,1
sample10,20220925,37.68,126.8,1,1,0,0,0,0
20221011_130037.jpg,20220925,37.55,126.9,1,1,0,0,0,0
20221009_114036.heic,20220925,37.6357,126.532,5,1,1,1,1,1
sample069,20220925,37.6766,126.816,2,1,0,0,0,1
20221009_114202.heic,20220925,37.6357,126.532,5,1,1,1,1,1
Glass77,20220925,37.59,126.75,1,0,0,0,1,0
sample (49),20220925,37.4025,126.926,1,0,0,0,0,1
W_L002,20220925,37.57,126.832,1,1,0,0,0,0
sample074_ms,20220925,37.481,126.82,1,0,1,0,0,0
W_L001,20220925,37.57,126.832,1,1,0,0,0,0
sample (50),20220925,37.4025,126.926,1,0,0,0,0,1
W_M022,20220925,37.586,126.818,1,0,1,0,0,0
W_M018,20220925,37.586,126.818,1,0,1,0,0,0
Can96,20220925,37.59,126.75,1,0,0,1,0,0
sample88,20220925,36.97,127.93,1,1,0,0,0,0
sample04,20220925,37.6315,126.929,1,1,0,0,0,0
4,20220925,37.39,126.46,1,1,0,0,0,0
81,20220925,37.5724,126.868,1,1,0,0,0,0
2,20220925,37.39,126.46,1,1,0,0,0,0
W_M020,20220925,37.586,126.818,1,0,1,0,0,0
67,20220925,37.44,126.43,1,0,0,1,0,0
sample71,20220925,36.97,127.94,1,0,1,0,0,0
IMG_1112,20220925,37.5283,126.932,1,0,1,0,0,0
Rubbish01,20220925,37.59,126.75,1,1,0,0,0,0
Can33,20220925,37.59,126.75,1,0,0,1,0,0
sample064,20220925,37.6766,126.816,1,0,0,0,0,1
IMG_1122,20220925,37.5283,126.932,1,0,1,0,0,0
220913-15-한울빛-금속+일반.jpg,20220925,37.47,126.8,1,1,0,0,0,0
20221009_101518.heic,20220925,37.6638,126.623,2,0,1,1,0,0
80,20220925,37.43,126.43,1,0,1,0,0,0
20221009_104712.heic,20220925,37.6385,126.542,1,1,0,0,0,0
Paper49,20220925,37.52,126.93,1,0,0,0,0,1
72,20220925,37.5724,126.868,1,0,1,0,0,0
39,20220925,37.5782,126.889,1,0,1,0,0,0
sample28,20220925,37.6334,126.923,1,1,0,0,0,0
sample23,20220925,36.98,127.93,1,0,1,0,0,0
sample30,20220925,36.98,127.94,1,0,1,0,0,0
IMAGE 36,20220925,37.5714,126.979,1,0,0,0,0,1
sample38,20220925,37.6335,126.923,1,1,0,0,0,0
HJ4,20220925,37.575,126.926,2,1,1,0,0,0
HJ2,20220925,37.5728,126.923,1,0,1,0,0,0
sample15,20220925,37.6329,126.925,1,1,0,0,0,0
32,20220925,37.5782,126.889,1,0,1,0,0,0
IMG_3116,20220926,37.5999,126.802,1,0,1,0,0,0
sample60,20220926,36.97,127.94,1,0,1,0,0,0
IMG_3112,20220926,37.5999,126.802,1,0,1,0,0,0
1,20220926,37.5598,126.889,1,1,0,0,0,0
IMG_0041,20220926,37.31,126.54,1,1,0,0,0,0
87,20220926,37.5724,126.868,1,0,0,1,0,0
sample61,20220926,37.68,126.8,2,1,1,0,0,0
114,20220926,37.56,126.97,1,0,1,0,0,0
sample70,20220926,36.97,127.94,1,0,1,0,0,0
1,20220926,37.56,126.97,1,1,0,0,0,0
IMG_3146,20220926,37.5868,126.826,1,0,0,0,1,0
71,20220926,37.5724,126.868,1,0,1,0,0,0
Dorim_19a,20220926,37.51,126.88,1,0,1,0,0,0
220913-3-한울빛-플라스틱.jpg,20220926,37.47,126.8,1,0,1,0,0,0
IMG_0144,20220926,37.28,126.55,1,1,0,0,0,0
20211408_048,20220926,37.523,126.941,2,1,0,0,0,1
IMG_1078,20220926,37.5283,126.932,1,0,1,0,0,0
220913-5-한울빛-플라스틱.jpg,20220926,37.47,126.8,1,0,1,0,0,0
Rubbish28,20220926,37.59,126.75,1,1,0,0,0,0
IMG_088,20220926,37.53,126.88,2,0,1,1,0,0
11,20220926,37.56,126.97,1,1,0,0,0,0
91,20220926,37.5782,126.889,1,0,1,0,0,0
sample18,20220926,36.98,127.93,1,1,0,0,0,0
48,20220926,37.5724,126.868,1,1,0,0,0,0
IMG_3168,20220926,37.583,126.832,1,0,0,0,1,0
IMG_3045,20220926,37.494,126.87,1,1,0,0,0,0
78,20220926,37.56,126.97,1,1,0,0,0,0
W_M044,20220926,37.586,126.818,1,0,0,0,0,1
W_M035,20220926,37.586,126.818,1,0,0,0,1,0
sample24,20220926,37.68,126.8,1,0,0,0,1,0
image_62,20220926,37.52,126.93,1,0,1,0,0,0
sample47,20220926,37.68,126.8,2,1,1,0,0,0
sample42,20220926,37.68,126.8,3,1,1,0,1,0
W_L006,20220926,37.57,126.832,1,1,0,0,0,0
Rubbish68,20220926,37.52,126.93,1,1,0,0,0,0
IMG_128,20220926,37.53,126.88,1,0,1,0,0,0
sample067,20220926,37.6766,126.816,1,1,0,0,0,0
146,20220926,37.56,126.97,2,1,0,0,0,1
92,20220926,37.5782,126.889,1,0,0,1,0,0
sample54,20220926,37.68,126.8,2,1,1,0,0,0
IMG_0012,20220926,37.32,126.55,1,0,1,0,0,0
20211408_016,20220926,37.5228,126.941,1,0,1,0,0,0
W_L026,20220926,37.57,126.832,1,0,0,1,0,0
sample (4),20220926,37.3958,126.936,1,0,1,0,0,0
41,20220926,37.5731,126.9,1,0,1,0,0,0
IMG_082,20220926,37.53,126.88,3,1,1,1,0,0
20221011_125319.jpg,20220926,37.55,126.9,1,1,0,0,0,0
sample080_ms,20220926,37.4727,126.823,1,0,1,0,0,0
Cans8.jpg,20220926,38.65,127.09,1,0,0,1,0,0
sample078_ms,20220926,37.4759,126.822,1,0,1,0,0,0
sample045_ms,20220926,37.32,126.55,1,0,1,0,0,0
47,20220926,37.44,126.43,1,1,0,0,0,0
IMG_0173,20220926,37.29,126.55,1,1,0,0,0,0
45,20220926,37.44,126.43,1,1,0,0,0,0
20221011_130156(1).jpg,20220926,37.55,126.9,1,0,1,0,0,0
20221011_130500.jpg,20220926,37.55,126.9,2,1,1,0,0,0
20221011_125752(0).jpg,20220926,37.55,126.9,1,1,0,0,0,0
SP68,20220926,36.59,128.648,3,1,1,1,0,0
20221011_125915.jpg,20220926,37.55,126.9,1,1,0,0,0,0
IMG_1145,20220926,37.5283,126.932,1,0,1,0,0,0
66,20220926,37.44,126.43,1,1,0,0,0,0
20221011_130109.jpg,20220926,37.55,126.9,1,1,0,0,0,0
H31,20220926,37.5319,126.928,2,1,1,0,0,0
Dorim_1b,20220926,37.51,126.88,1,1,0,0,0,0
H23,20220926,37.5311,126.93,2,1,1,0,0,0
20221009_104602.heic,20220926,37.6385,126.542,1,0,1,0,0,0
61,20220926,37.44,126.43,2,0,1,0,0,1
sample002_ms,20220926,37.46,126.83,1,0,1,0,0,0
sample74,20220926,37.6316,126.928,1,1,0,0,0,0
sample87,20220926,37.6315,126.929,1,0,0,0,1,0
H51,20220926,37.5304,126.932,1,0,1,0,0,0
20221011_125755.jpg,20220926,37.55,126.9,1,1,0,0,0,0
sample063_ms,20220926,37.4812,126.82,1,0,1,0,0,0
sample038_ms,20220926,37.31,126.55,1,1,0,0,0,0
pabag10,20220926,35.2267,128.639,1,0,0,0,0,1
pabag6,20220926,35.2267,128.639,1,0,0,0,0,1
sample01,20220926,37.6316,126.928,1,1,0,0,0,0
sample45,20220926,37.6334,126.923,1,0,1,0,0,0
sample39,20220926,37.6335,126.923,1,1,0,0,0,0
sample102,20220926,37.6315,126.929,1,1,0,0,0,0
IMG_9993,20220926,37.31,126.55,1,1,0,0,0,0
picture(61),20220926,37.569,126.998,1,0,1,0,0,0
sty5,20220926,35.2262,128.638,0,0,0,0,0,0
sty2,20220926,35.2262,128.638,0,0,0,0,0,0
sample060_ms,20220926,37.4825,126.82,1,0,1,0,0,0
SP71,20220926,36.59,128.648,2,1,0,0,0,1
sample064_ms,20220927,37.4815,126.82,1,0,1,0,0,0
sample06,20220927,37.6315,126.929,1,1,0,0,0,0
1665847589604-3.jpg,20220927,37.7089,126.608,1,1,0,0,0,0
159,20220927,37.56,126.97,1,1,0,0,0,0
20221011_130153.jpg,20220927,37.55,126.9,1,0,1,0,0,0
IMG_3181,20220927,37.5815,126.833,1,0,0,1,0,0
H17,20220927,37.5306,126.931,2,1,0,0,0,1
sample70,20220927,37.68,126.8,3,1,1,0,1,0
1665847584975-4.jpg,20220927,37.7089,126.608,1,1,0,0,0,0
sample69,20220927,37.68,126.8,3,1,1,0,1,0
sample049_ms,20220927,37.32,126.55,1,0,0,0,0,1
sample105,20220927,37.6315,126.929,1,1,0,0,0,0
sample53,20220927,37.6323,126.925,1,1,0,0,0,0
IMG_105,20220927,37.54,126.88,2,0,1,0,0,1
IMG_100,20220927,37.53,126.88,1,0,0,0,0,1
sample52,20220927,37.6323,126.924,1,1,0,0,0,0
IMG_3108,20220927,37.601,126.801,1,0,1,0,0,0
sample28,20220927,36.98,127.94,1,0,1,0,0,0
sample34,20220927,37.6334,126.923,1,0,0,0,0,1
Dorim_24a,20220927,37.51,126.88,1,0,1,0,0,0
12,20220927,37.5627,126.9,1,0,1,0,0,0
H38,20220927,37.531,126.929,1,0,1,0,0,0
IMG_3170,20220927,37.583,126.832,1,0,0,0,1,0
82,20220927,37.56,126.97,1,0,1,0,0,0
IMG_3063,20220927,37.496,126.87,1,0,0,0,0,1
IMG_124,20220927,37.53,126.88,1,0,1,0,0,0
IMG_119,20220927,37.53,126.88,2,1,1,0,0,0
IMG_3083,20220927,37.5042,126.872,1,0,1,0,0,0
20211408_005,20220927,37.5226,126.942,1,0,0,0,0,1
220910-5-산새공원.jpg,20220927,37.47,126.79,1,0,1,0,0,0
20211408_051,20220927,37.5231,126.941,3,1,1,0,0,1
can3,20220927,35.2264,128.638,1,0,0,1,0,0
can2,20220927,35.2264,128.638,1,0,0,1,0,0
220913-28-한울빛-비닐.jpg,20220927,37.47,126.8,1,0,1,0,0,0
1665847582689-2.jpg,20220927,37.7089,126.608,1,1,0,0,0,0
220910-2-산새공원.jpg,20220927,37.47,126.79,2,1,1,0,0,0
cof2,20220927,35.2263,128.638,1,0,1,0,0,0
Dorim_6a,20220927,37.51,126.88,1,0,1,0,0,0
sample (21),20220927,37.3962,126.935,1,1,0,0,0,0
220913-11-한울빛-일반.jpg,20220927,37.47,126.8,1,1,0,0,0,0
Paper48,20220927,37.59,126.75,1,0,0,0,0,1
sample77,20220927,36.98,127.93,1,0,1,0,0,0
20221011_125319(0).jpg,20220927,37.55,126.9,1,1,0,0,0,0
32,20220927,37.56,126.97,1,1,0,0,0,0
W_L052,20220927,37.57,126.832,1,0,0,0,0,1
42,20220927,37.44,126.43,1,0,1,0,0,0
Paper87,20220927,37.59,126.75,1,0,0,0,0,1
sample48,20220927,36.99,127.95,1,0,1,0,0,0
W_M033,20220927,37.586,126.818,1,0,0,0,1,0
20211408_014,20220927,37.5228,126.941,1,0,1,0,0,0
SP73,20220927,36.59,128.648,2,1,0,0,0,1
26,20220927,37.43,126.42,1,0,1,0,0,0
25,20220927,37.43,126.42,1,0,1,0,0,0
SP85,20220927,36.59,128.648,2,0,1,1,0,0
220913-4-한울빛-플라스틱.jpg,20220927,37.47,126.8,1,0,1,0,0,0
pabag13,20220927,35.2267,128.639,1,0,0,0,0,1
sample83,20220927,36.98,127.93,1,0,1,0,0,0
IMG_0147,20220927,37.28,126.55,1,0,0,0,0,1
sample (17),20220927,37.396,126.935,1,1,0,0,0,0
Rubbish71,20220927,37.52,126.93,1,1,0,0,0,0
sample068,20220927,37.6766,126.816,1,1,0,0,0,0
sample (14),20220927,37.396,126.934,1,1,0,0,0,0
20221009_114043.heic,20220927,37.6357,126.532,2,1,0,0,0,1
sample (25),20220927,37.3963,126.935,1,1,0,0,0,0
SP53,20220927,35.217,129.086,2,1,0,1,0,0
59,20220927,37.44,126.43,2,0,1,0,0,1
220910-18-산새공원.jpg,20220927,37.47,126.79,1,0,1,0,0,0
sample (20),20220928,37.3961,126.935,1,1,0,0,0,0
sample072,20220928,37.6766,126.816,1,0,0,0,0,1
sample070,20220928,37.6766,126.816,1,0,0,0,0,1
IMG_070,20220928,37.53,126.88,1,0,1,0,0,0
sample (23),20220928,37.3963,126.935,1,1,0,0,0,0
H47,20220928,37.5306,126.931,1,1,0,0,0,0
H40,20220928,37.5314,126.929,1,0,1,0,0,0
105,20220928,37.43,126.43,1,0,1,0,0,0
IMG_1131,20220928,37.5283,126.932,1,1,0,0,0,0
61,20220928,37.5732,126.887,1,0,1,0,0,0
SP76,20220928,36.59,128.648,2,1,1,0,0,0
sample79,20220928,37.6315,126.929,1,0,0,0,0,1
sample91,20220928,37.6315,126.929,1,0,0,0,1,0
IMG_9973,20220928,37.31,126.55,1,1,0,0,0,0
IMG_0154,20220928,37.28,126.55,1,0,1,0,0,0
sample92,20220928,37.6315,126.929,1,1,0,0,0,0
20211408_044,20220928,37.523,126.941,1,0,0,1,0,0
Paper53,20220928,37.52,126.93,1,0,0,0,0,1
25,20220928,37.56,126.97,1,1,0,0,0,0
H60,20220928,37.5296,126.95,1,1,0,0,0,0
220910-6-산새공원.jpg,20220928,37.47,126.79,1,0,1,0,0,0
220910-14-산새공원.jpg,20220928,37.47,126.79,1,1,0,0,0,0
9,20220928,37.5613,126.886,2,1,0,1,0,0
19,20220928,37.43,126.42,2,1,0,0,0,1
1665847584975-0.jpg,20220928,37.7089,126.608,1,1,0,0,0,0
sample18,20220928,37.6323,126.924,1,1,0,0,0,0
54,20220928,37.44,126.43,2,0,1,0,0,1
7,20220928,37.39,126.46,2,0,0,0,1,1
72,20220928,37.44,126.43,1,0,1,0,0,0
Can99,20220928,37.59,126.75,1,0,0,1,0,0
220913-27-한울빛-비닐.jpg,20220928,37.47,126.8,1,0,1,0,0,0
20221011_125448(0).jpg,20220928,37.55,126.9,1,0,0,1,0,0
20221011_125725.jpg,20220928,37.55,126.9,1,1,0,0,0,0
B10,20220928,37.5747,126.915,1,0,1,0,0,0
Rubbish72,20220928,37.52,126.93,1,1,0,0,0,0
IMG_0139,20220928,37.28,126.55,1,1,0,0,0,0
sample22,20220928,37.68,126.8,1,0,0,0,1,0
sample29,20220928,37.68,126.8,1,0,1,0,0,0
W_L035,20220928,37.57,126.832,1,0,0,1,0,0
151,20220928,37.56,126.97,1,1,0,0,0,0
sample57,20220928,37.68,126.8,2,1,1,0,0,0
Dorim_23c,20220928,37.51,126.88,1,0,1,0,0,0
68,20220928,37.56,126.97,1,0,1,0,0,0
sample79,20220928,37.68,126.8,3,1,1,0,1,0
W_L038,20220928,37.57,126.832,1,0,0,0,1,0
Anyang_2c,20220928,37.51,126.87,1,0,1,0,0,0
IMG_3120,20220928,37.5878,126.82,1,1,0,0,0,0
IMG_3105,20220928,37.601,126.801,1,0,1,0,0,0
Anyang_4a,20220928,37.51,126.87,1,0,1,0,0,0
123,20220928,37.56,126.97,1,1,0,0,0,0
colbag8,20220928,35.2275,128.639,1,0,1,0,0,0
IMG_139,20220928,37.53,126.88,1,1,0,0,0,0
IMG_146,20220928,37.53,126.88,1,1,0,0,0,0
IMG_3094,20220928,37.505,126.872,1,1,0,0,0,0
IMG_0035,20220928,37.31,126.54,1,0,1,0,0,0
sample54,20220928,36.97,127.94,1,0,1,0,0,0
IMG_0017,20220928,37.32,126.55,1,1,0,0,0,0
image_55,20220928,37.52,126.93,1,1,0,0,0,0
cof1,20220928,35.2263,128.638,1,0,1,0,0,0
Paper50,20220928,37.52,126.93,1,0,0,0,0,1
sample11,20220928,37.68,126.8,1,1,0,0,0,0
IMG_0135,20220928,37.28,126.55,1,0,0,0,0,1
35,20220928,37.56,126.97,1,1,0,0,0,0
Paper51,20220928,37.52,126.93,1,0,0,0,0,1
W_M017,20220929,37.586,126.818,1,0,1,0,0,0
21,20220929,37.5732,126.887,1,0,1,0,0,0
W_L027,20220929,37.57,126.832,1,0,0,1,0,0
94,20220929,37.5782,126.889,1,0,0,1,0,0
Rubbish66,20220929,37.52,126.93,1,1,0,0,0,0
image_54,20220929,37.53,126.92,1,0,0,1,0,0
IMG_3139,20220929,37.5869,126.826,1,0,1,0,0,0
Glass75,20220929,37.59,126.75,1,0,0,0,1,0
IMG_0142,20220929,37.28,126.55,1,0,0,0,0,1
sample52,20220929,36.97,127.94,1,0,1,0,0,0
IMG_0010,20220929,37.31,126.55,1,0,0,0,0,1
IMG_0004,20220929,37.31,126.55,1,0,1,0,0,0
Dorim_18c,20220929,37.51,126.88,1,0,0,1,0,0
Dorim_18a,20220929,37.51,126.88,1,0,0,1,0,0
Dorim_17b,20220929,37.51,126.88,2,1,1,0,0,0
sample19,20220929,36.98,127.93,1,1,0,0,0,0
sample035_ms,20220929,37.4688,126.826,1,1,0,0,0,0
sample29,20220929,36.98,127.94,1,0,1,0,0,0
sample102,20220929,37.6766,126.816,1,1,0,0,0,0
IMG_1079,20220929,37.5283,126.932,1,0,1,0,0,0
46,20220929,37.5732,126.887,1,0,1,0,0,0
20221011_125756.jpg,20220929,37.55,126.9,1,1,0,0,0,0
cup9,20220929,35.2266,128.639,1,0,0,0,0,1
glbot3,20220929,35.2286,128.64,1,0,0,0,1,0
SP62,20220929,36.662,129.12,1,1,0,0,0,0
SP83,20220929,36.59,128.648,2,0,1,1,0,0
20221011_130342.jpg,20220929,37.55,126.9,1,1,0,0,0,0
sample77,20220929,37.6315,126.929,2,1,0,0,0,1
20221011_130154.jpg,20220929,37.55,126.9,1,0,1,0,0,0
H25,20220929,37.5314,126.929,2,1,1,0,0,0
20221011_130108.jpg,20220929,37.55,126.9,1,1,0,0,0,0
sample72,20220929,37.6314,126.929,1,0,0,1,0,0
20221011_125758.jpg,20220929,37.55,126.9,1,1,0,0,0,0
20221011_125741.jpg,20220929,37.55,126.9,1,1,0,0,0,0
20221011_125724.jpg,20220929,37.55,126.9,1,1,0,0,0,0
20221011_125451.jpg,20220929,37.55,126.9,1,0,0,1,0,0
sample58,20220929,37.6314,126.929,1,1,0,0,0,0
sample55,20220929,37.6323,126.924,1,0,1,0,0,0
canbot5,20220929,35.2264,128.638,1,0,0,1,0,0
90,20220929,37.56,126.97,1,1,0,0,0,0
IMG_135,20220929,37.53,126.89,3,1,1,0,0,1
sample97,20220929,37.68,126.8,2,0,0,0,1,1
148,20220929,37.56,126.97,1,1,0,0,0,0
sample85,20220929,37.68,126.8,3,1,1,0,0,1
sample66,20220929,37.68,126.8,2,1,1,0,0,0
sample60,20220929,37.68,126.8,2,1,1,0,0,0
sample46,20220929,37.68,126.8,2,1,1,0,0,0
IMG_3186,20220929,37.5815,126.833,1,0,0,1,0,0
sample14,20220929,37.68,126.8,1,1,0,0,0,0
sample08,20220929,37.68,126.8,1,1,0,0,0,0
sample (16),20220929,37.396,126.935,1,1,0,0,0,0
20211408_022,20220929,37.5229,126.941,1,0,0,1,0,0
can1,20220929,35.2264,128.638,1,0,0,1,0,0
can10,20220929,35.2264,128.638,1,0,0,1,0,0
112,20220929,37.56,126.97,1,0,1,0,0,0
20221009_104729.heic,20220929,37.6385,126.542,1,1,0,0,0,0
85,20220929,37.43,126.43,1,1,0,0,0,0
92,20220929,37.43,126.43,1,0,0,1,0,0
103,20220929,37.43,126.43,1,0,1,0,0,0
Cans9.jpg,20220929,38.65,127.09,1,0,0,1,0,0
sample91,20220929,36.97,127.93,1,1,0,0,0,0
sample (53),20220929,37.409,126.918,1,1,0,0,0,0
sample054,20220929,37.6766,126.816,1,0,0,0,0,1
sample055,20220929,37.6766,126.816,1,0,0,0,0,1
1,20220929,37.39,126.46,1,1,0,0,0,0
13,20220929,37.43,126.42,1,1,0,0,0,0
24,20220929,37.43,126.42,1,0,1,0,0,0
46,20220929,37.44,126.43,1,1,0,0,0,0
20211408_011,20220930,37.5228,126.941,2,1,1,0,0,0
Paper92,20220930,37.59,126.75,1,0,0,0,0,1
sample79,20220930,36.98,127.93,1,0,1,0,0,0
Can98,20220930,37.59,126.75,1,0,0,1,0,0
Paper88,20220930,37.59,126.75,1,0,0,0,0,1
139,20220930,37.56,126.97,1,1,0,0,0,0
131,20220930,37.56,126.97,1,0,1,0,0,0
103,20220930,37.56,126.97,1,1,0,0,0,0
IMG_1089,20220930,37.5283,126.932,1,0,0,0,0,1
120,20220930,37.56,126.97,1,0,1,0,0,0
IMG_1132,20220930,37.5283,126.932,1,1,0,0,0,0
45,20220930,37.56,126.97,1,1,0,0,0,0
sample (97),20220930,37.3861,126.952,1,0,1,0,0,0
20211408_046,20220930,37.523,126.941,1,1,0,0,0,0
6,20220930,37.56,126.97,1,1,0,0,0,0
IMG_1139,20220930,37.5283,126.932,1,1,0,0,0,0
sample71,20220930,37.6314,126.929,1,0,0,1,0,0
Rubbish64,20220930,37.52,126.93,1,1,0,0,0,0
IMG_1123,20220930,37.5283,126.932,1,0,1,0,0,0
20211408_017,20220930,37.5229,126.941,1,1,0,0,0,0
Rubbish10,20220930,37.59,126.75,1,1,0,0,0,0
IMG_085,20220930,37.53,126.88,2,0,1,1,0,0
picture(64),20220930,37.569,126.998,1,0,1,0,0,0
H54,20220930,37.5289,126.934,1,1,0,0,0,0
B09,20220930,37.5739,126.9,1,0,1,0,0,0
IMAGE 02,20220930,37.5712,126.979,1,0,1,0,0,0
1665847584975-1.jpg,20220930,37.7089,126.608,1,1,0,0,0,0
39,20220930,37.44,126.43,1,0,1,0,0,0
63,20220930,37.44,126.43,2,0,1,0,0,1
68,20220930,37.44,126.43,1,0,0,1,0,0
71,20220930,37.44,126.43,2,0,1,1,0,0
20221009_104923.heic,20220930,37.6385,126.542,1,1,0,0,0,0
H09,20220930,37.53,126.931,2,1,1,0,0,0
20221011_130236(0).jpg,20220930,37.55,126.9,1,1,0,0,0,0
20221011_130246.jpg,20220930,37.55,126.9,1,1,0,0,0,0
20221011_130346(0).jpg,20220930,37.55,126.9,1,1,0,0,0,0
IMG_3136,20220930,37.5869,126.826,1,0,1,0,0,0
IMG_3133,20220930,37.587,126.826,1,0,0,0,0,1
IMG_3099,20220930,37.507,126.873,1,1,0,0,0,0
IMG_3095,20220930,37.505,126.872,1,1,0,0,0,0
IMG_3166,20220930,37.583,126.832,1,0,0,0,1,0
IMG_3174,20220930,37.583,126.832,1,0,0,0,1,0
sample73,20220930,37.68,126.8,2,1,1,0,0,0
sample40,20220930,37.68,126.8,3,1,1,0,1,0
sample18,20220930,37.68,126.8,1,0,1,0,0,0
sample16,20220930,37.68,126.8,1,0,1,0,0,0
sample05,20220930,37.68,126.8,1,0,1,0,0,0
canbot6,20220930,35.2264,128.638,1,0,0,1,0,0
pabag8,20220930,35.2267,128.639,1,0,0,0,0,1
20221011_130459.jpg,20220930,37.55,126.9,2,1,1,0,0,0
20221011_130456.jpg,20220930,37.55,126.9,2,1,1,0,0,0
220913-8-한울빛-비닐.jpg,20220930,37.47,126.8,1,0,1,0,0,0
220910-10-산새공원.jpg,20220930,37.47,126.79,1,0,1,0,0,0
